finding_id,status,severity,area,summary,evidence,accounting_gap
R8-01,PASS,INFO,Lineage,"Candidate SHA, predecessor direct parent, and protected baseline ancestry all verified exactly.","git rev-parse HEAD/branch/predecessor/baseline; git rev-parse candidate^ -> predecessor; git merge-base --is-ancestor baseline candidate exit 0",0
R8-02,PASS,INFO,Scope,"R8 delta is exactly three files: generator source, generator fail-closed tests, and Contract D ledger.","git diff --name-only fce3e6d5..f6ac69ee returned only the 3 mandated paths",0
R8-03,PASS,INFO,Frozen files,"Checked product/API/frontend files, Contract D runtime test file, and committed node CSV are byte-identical to R7.","Matching blob IDs in git ls-tree for predecessor and candidate; path-scoped git diff returned no output",0
R8-04,PASS,INFO,Generator logic,"Duplicate detection occurs before dict insertion; all A/B validation occurs before publication; publication occurs only via os.replace after all checks pass.","backend/tests/tools/gen_node_csv.py:59-61,77,144-147,169-200",0
R8-05,PASS,INFO,Cleanup semantics,"Post-temp failures always execute cleanup via try/finally; only FileNotFoundError is explicitly tolerated; other cleanup failures propagate.","backend/tests/tools/gen_node_csv.py:159-213",0
R8-06,PASS,INFO,Test authenticity,"All seven generator tests are authentic, exercise the real generator, and check existing-target preservation, absent-target preservation, and zero temp residue.","backend/tests/test_dc12r1_contract_d_r7_gen_fail_closed.py:46-52,131-249; local pytest run 7 passed",0
R8-07,PASS,INFO,R7 regression proof,"The three new R8 post-temp tests would fail against R7 because R7 leaked .gen_node_csv_*.tmp residue on those paths.","External reproduction against fce3e6d5 showed rc=1 with leftover temp files for non3col existing-target, illegal-outcome existing-target, and non3col absent-target cases",0
R8-08,PASS,INFO,Ledger truth,"R8 ledger claims reconcile with actual source and test behavior; no mismatch found.","ai-ledger/product-ai/2026-08-10_dc12r1_s3_s2b_i2c_i2b_contract_d_statement.md:1361-1435 compared against exact delta, source, and tests",0
R8-09,PASS,INFO,Quality checks,"git diff --check, scoped detect-secrets, mojibake scan, GitNexus analyze/status all completed cleanly; GitNexus detect_changes was not available in this CLI build.","git diff --check clean; detect-secrets results {}; mojibake rg no hits; npx gitnexus analyze/status OK; npx gitnexus --help has no detect_changes command",0
