28c8a829f309fa622304f876014413936b14bee3a699644181f737d9f763d9f6,evidence/backend/artifact-scan-notrun.md
bcacfa27b5419f89013145dbb50b37c415881ae19bcca99073480e2df3ed9420,evidence/backend/backend-bundle-natural.xml
2737f657aa94340e395d20967203ce0b1f99457b935d154186b8d78713e432fc,evidence/backend/backend-bundle-reverse-files.xml
972ac6a69e979dfc04bc69a6c1157dbb1bedd2f766cbaf6ee6be74aeb380db5f,evidence/backend/backend-bundle-reverse.xml
21fbaf2b9c3260805b1cdbcfd1ed940dc2dd419cb6f290e9fbd258ed471dd98f,evidence/backend/backend-reconciliation.json
9a3827757802ec81a41b87b2970164661e33aee752843ba6d6bb12bf914e6656,evidence/backend/backend-red-nodes.json
22ce2a9923cc6392b7a67c48015b415ea28d05ac7fdf2578a02462b54660fb71,evidence/backend/backend-residue-truth.txt
0cb56a2eede1c1f4f5aed874104417a01b9bd5b1f74e84987b108543a29d6ee3,evidence/backend/backend-skip-set.json
0bad2080f4187ad8f1ec257d91595aba8cc6b5db61fe18446c11f4e228895a41,evidence/backend/backend-xfail-set.json
3ab6d1a4a698d89dda8634240269a78d73cba4406e1e51cab33624627b3f1c63,evidence/backend/bundle-natural.log.gz
69cb441c59ef402a8207ba400878555aec2b9c8a4a5ed088741b7894a6441d5f,evidence/backend/bundle-reverse-files.log.gz
931d5956261fe8186fe4739e051ce9c1e49150e59049cd7aa2bc45f1e598e36f,evidence/backend/bundle-reverse-strict-diagnostic.log.gz
64e70d63887b18f135d6867a54f1e8a41a4da0aed5b4188417ffea5725d7fc5f,evidence/backend/collect-node-list.txt.gz
7935a12e510a30444c98a046d5e57eabe591fc2032c3a79124269e6a1fc88b72,evidence/backend/console.log.gz
641053fc7fbbefd8b9de7069895d441fd1cfac11beb7d47d4ca571cefaf6ee81,evidence/backend/junit-authoritative.xml.gz
678f9776cd01afed3d6988a443451d7244a287a6f60d91b1f422cf5040ecdb2b,evidence/browser/NOT_RUN.md
3316936749de0ebbd30402504a95df5788bdb0300e68278fda960b9939212b7b,evidence/browser/reconciliation-notrun.json
d3e75d8d402bd7d65c44685b097daca2a9da476e3f3540f5bc28cd8e0ded1984,evidence/cleanup/cleanup-destroy.txt
dfd7aab61cc99880c7931e0480567b656ac761ad811cee97976cdf013ded5770,evidence/cleanup/cleanup-evidence.txt
c0ac3c34451e0370f07969568211bdec593f28ec764e4e3b2911b056216af571,evidence/preflight.json
8c29f0b58a88d1b5517c1210aabb9ad10ff9629b9cd528d4b4722f83b7c6046e,evidence/pregate/playwright-list.txt
c06fc24e16bf04efed70283cdc7ae40f648ef70c9c26992ec8baf403885968e4,evidence/runner/authority-preflight.json
74e578806cf9f024bee9cf82a32987c152480755168c49cb0105e6e23d7a4e73,evidence/runner/authority-trace.json
78e4496a561965840e227178f9e8416528e22d623127bdfd39878c187bd7cb7b,evidence/runner/et1-collect-proof.json
181564fc029874910061a836b6139f59c20b86d4cbf099a5a59f6f08f5a69f4b,evidence/runner/et1-sessionstart-proof.json
d1863cf917640e99277e1048c9cec755574f856c619e575a9f9507a72148fa41,evidence/void/VOID-launch1-missing-authority-flag.log
b74d9665af7d92bb62e2effd0eb93ab1534c99df4f0b7ab2529a2fdf739ccf4d,evidence/void/VOID-launch2-junit-0-tests.xml
ded9a01d510e2bc6d3a5959689b7daeb61853834b88d749b575d123a1b2bcd2b,evidence/void/VOID-launch2-wrong-cwd-tests-not-found.log
8182f55bf953bbf909df5ce5f55674443219da5cd371ea60ca629e3c498ab7a7,findings.csv
c907ac1fe8a6f754eca7708583222b365716a3a9f7601153d1eed0dd42fd2bc6,REPORT.md
