target,collected,passed,failed,errors,skipped,xfailed,accounting_gap,failed_error_ledger_sha256,artifact_dir
tests/business/test_s4e_stock_reservation_lifecycle_audit.py,12,8,4,0,0,0,0,24ffb112548fc74071497768e366a642f0282c82841c330ad5d3b6ce7c115441,dc11t0-r2-artifacts/r3-file-reruns/tests-business-tests4estockreservationlifecycleaudit-py
tests/business/test_s4f_business_invariant_closeout.py,8,4,4,0,0,0,0,e55bd8489d86a6f8879a22fd0c84441a5aa0108a31d5d0a7938ab89aecbd4f15,dc11t0-r2-artifacts/r3-file-reruns/tests-business-tests4fbusinessinvariantcloseout-py
tests/test_dc3b_credential_recovery_backend.py,15,15,0,0,0,0,0,01ba4719c80b6fe911b091a7c05124b64eeece964e09c058ef8f9805daca546b,dc11t0-r2-artifacts/r3-file-reruns/tests-testdc3bcredentialrecoverybackend-py
tests/test_models_structure.py,8,8,0,0,0,0,0,01ba4719c80b6fe911b091a7c05124b64eeece964e09c058ef8f9805daca546b,dc11t0-r2-artifacts/r3-file-reruns/tests-testmodelsstructure-py
tests/test_payments_schema_contract.py,40,21,13,0,6,0,0,24964231d06a9e908d38810096c073c1a1b8d9e0eaacc00b6e72a795b7c2f875,dc11t0-r2-artifacts/r3-file-reruns/tests-testpaymentsschemacontract-py
tests/test_platform_p17dc_backup_migration.py,9,0,9,0,0,0,0,599a6edc220d0c17f4dc9b4f7a347a3fed1f828494ff1498ffdd93fce6962980,dc11t0-r2-artifacts/r3-file-reruns/tests-testplatformp17dcbackupmigration-py
tests/test_platform_p17dc_backup_registry_read.py,26,24,2,0,0,0,0,af109e1f0ecaaa0bb0702f0d1844c21ff2350acf7138a83f90ae599f22bf70de,dc11t0-r2-artifacts/r3-file-reruns/tests-testplatformp17dcbackupregistryread-py
tests/test_platform_p21_durable_approval_adapter_skeleton.py,32,31,1,0,0,0,0,c744c00169ecb39822d935873f800327115b832666d0e76f9eefffc521e9533e,dc11t0-r2-artifacts/r3-file-reruns/tests-testplatformp21durableapprovaladapterskeleton-py
tests/test_platform_p21_durable_approval_migration.py,6,0,6,0,0,0,0,baebe9079d6a9efcf6018b7f9fda9fac356ec382e0953f11f004e4248ea5e147,dc11t0-r2-artifacts/r3-file-reruns/tests-testplatformp21durableapprovalmigration-py
tests/test_s3b_fresh_tenant_live_runtime_proof.py,22,3,1,18,0,0,0,77b906b88318be4a51c0be17039ab13298940f53db542ef7b19dd8135be69d40,dc11t0-r2-artifacts/r3-file-reruns/tests-tests3bfreshtenantliveruntimeproof-py
tests/test_s3c_cache.py,9,9,0,0,0,0,0,01ba4719c80b6fe911b091a7c05124b64eeece964e09c058ef8f9805daca546b,dc11t0-r2-artifacts/r3-file-reruns/tests-tests3ccache-py
tests/test_s6_2_materialized_views.py,5,1,4,0,0,0,0,8e7944b518fabf6944f2574fa51e489722362adf1c035370c7cf238c5014ed28,dc11t0-r2-artifacts/r3-file-reruns/tests-tests62materializedviews-py
tests/test_s6_3_dashboard_api.py,27,22,5,0,0,0,0,b222acbfe5c368af8642cb4b0b5d573e6923666e1c1241ecbd19787f05eb78bf,dc11t0-r2-artifacts/r3-file-reruns/tests-tests63dashboardapi-py
tests/test_s6_p_reporting_constraints.py,8,5,3,0,0,0,0,4a34f584888708aa05a48ce1ad3d2b4ffbdca8ec0eb122ac93bf7ce0e3765dcb,dc11t0-r2-artifacts/r3-file-reruns/tests-tests6preportingconstraints-py
tests/test_u1r1_bootstrap_completeness.py,23,17,1,0,0,5,0,5f0c09df37c0a1477b58589fa0bd660ddda50392c6081533795a3c3cc7ad1e82,dc11t0-r2-artifacts/r3-file-reruns/tests-testu1r1bootstrapcompleteness-py
tests/test_u6e0_onboarding_status_token_schema.py,8,7,1,0,0,0,0,f1abb4173ed92a78d009a9c0dad537f22e37f8f480a5ef3678701eaec0c649c1,dc11t0-r2-artifacts/r3-file-reruns/tests-testu6e0onboardingstatustokenschema-py
tests/test_u6f_onboarding_auth_chain_closeout.py,7,5,2,0,0,0,0,ff9a91a5a925b3723c4e232351f0c7110558f4e313d38cacdfebcacb23960960,dc11t0-r2-artifacts/r3-file-reruns/tests-testu6fonboardingauthchaincloseout-py
tests/test_u6h1_tenant_provisioning_service_skeleton.py,10,9,1,0,0,0,0,7e2fc40e0b27a9ba8d69edce70ff939858f671ee1af2189e0d5ae952445f1e6e,dc11t0-r2-artifacts/r3-file-reruns/tests-testu6h1tenantprovisioningserviceskeleton-py
tests/test_u6h2_tenant_provisioning_wholesaler_schema.py,14,13,1,0,0,0,0,6c4e7a2a7da038c0c4da217269a3b2524cad0ab16f7becf62e6663f5ae98a6ac,dc11t0-r2-artifacts/r3-file-reruns/tests-testu6h2tenantprovisioningwholesalerschema-py
tests/test_u6h3_tenant_provisioning_reconcile_cleanup.py,8,7,1,0,0,0,0,9c65d365b06fde898b31055b76714693682d7cee70386486ef8f59de9e59e10c,dc11t0-r2-artifacts/r3-file-reruns/tests-testu6h3tenantprovisioningreconcilecleanup-py
tests/test_u6i0_owner_credential_setup_contract.py,9,6,3,0,0,0,0,93ad35b760d72425b91954bb7ae121f9ad11dff6ae05cd27dd5a622e7f7f7286,dc11t0-r2-artifacts/r3-file-reruns/tests-testu6i0ownercredentialsetupcontract-py
tests/test_u6i1_owner_credential_setup_schema.py,7,5,2,0,0,0,0,4c625b6588dea422fb3bf7d6cef7f08731a34cf0c015c1e98bae738b7c4bc392,dc11t0-r2-artifacts/r3-file-reruns/tests-testu6i1ownercredentialsetupschema-py
tests/test_u6i2_owner_credential_setup_token_issue.py,14,13,1,0,0,0,0,c3111fb9771fcfefd5f23a1e4b1c5c8b815297053d3cd0e7d7e7426f678219da,dc11t0-r2-artifacts/r3-file-reruns/tests-testu6i2ownercredentialsetuptokenissue-py
tests/test_u6i6_onboarding_e2e_closeout.py,1,0,1,0,0,0,0,ffedefea1ae416891e01a042e126349695c33a90fcfea99cc06330c7dd39c31b,dc11t0-r2-artifacts/r3-file-reruns/tests-testu6i6onboardinge2ecloseout-py
