evidence_pack,relative_path,sha256,bytes
I2_EVIDENCE_PACK,delta-paths.txt,f97db902a0e718a5fdf335f4508ff7b2e8e7182e3f67a9786c79b1f3e2a58859,2954
I2_EVIDENCE_PACK,REPORT.md,ba1841683d15e073cef69b6474676cf9feab0fafe6f0ddbfb4c8bf30d4c5c957,9225
I2_EVIDENCE_PACK,tree-evidence.txt,9adbb4c89fd36210eb249fe32144eafb39203bc367132600007e83354e7ff294,696
I2_EVIDENCE_PACK,backend/focused49-natural.log,d4e1b58f63e4e11dbd32f81d6b7397d06a5664b56eeb7df9ed73ba37c9a5915d,6023
I2_EVIDENCE_PACK,backend/focused49-natural.xml,ed24bcc50d521546733e7ed89ed74ff610deebb06cff28e998e3578fe5e5b2b2,7252
I2_EVIDENCE_PACK,backend/focused49-reverse-files.log,1d58ccf334cdc7e3e3fb5207ebad169f5c2408b38313ef4df679a23a0aeef760,6110
I2_EVIDENCE_PACK,backend/focused49-reverse-files.xml,5b809da67f614790705b87ef46f106dae96c1542cb0129ee3334c4bc65c46c97,7252
I2_EVIDENCE_PACK,frontend/build.log,b16778901a1576147d3673326a2a4a705c88778665d046383b77f85c715c4a64,1345
I2_EVIDENCE_PACK,frontend/bundle-verbose-probe.log,614a721642ea18e75d6a3d1e3a6817e653fd8f7bc199d6e07a46bf5b10f441c7,21469
I2_EVIDENCE_PACK,frontend/focused59-natural.log,53614ec4c18d0d4a32005805acbf2105b66656a9de9d496e5b5aa5fe4761528a,411
I2_EVIDENCE_PACK,frontend/focused59-natural.xml,c4310fc22b90deaa02a172000a0b3ea392693188102eef79cbe48c6e2d64d7ae,21366
I2_EVIDENCE_PACK,frontend/focused59-reverse-files.log,092125308b739d83fcd9cc95eb163cf9b147aadc775751df3243ca23f6dca439,417
I2_EVIDENCE_PACK,frontend/focused59-reverse-files.xml,01097294d284e149b82e018c3c7c1ca5efc6451257ca1e996fc88c9a7f64137f,21356
I2_EVIDENCE_PACK,mutation/client_login_page.staged.sha256,7e7acf2abcc5e38cffba3f5cf03157f320d36fe68f5e86f68b3faaa5e98b2daf,65
I2_EVIDENCE_PACK,mutation/restored-files.sha256,732f23766ee897578408993d7a1cd4fe5a1b0d6d2c08df4fcef25d3ea6037c45,228
I2_EVIDENCE_PACK,mutation/retailer_provisioning_service.staged.sha256,a83ef4b853f89d39717b32d54b8b5be478342dbaa78238b4d7be48dc7add8c0a,65
I2_EVIDENCE_PACK,runner/authority-preflight.json,928d479a6f100880070cc86227610cc13d74b00aa35fa2083f84d323985fa856,936
I2_EVIDENCE_PACK,runner/authority-trace.json,5235b610cc4f5b9d222adc11b5e2dff84fad4f6b13beb44b5983822735b20572,138
I2_EVIDENCE_PACK,runner/et1-collect-proof.json,60ce795b27441993a65f225e7199ec09bb7102a1ba37c58d47f3a9105cc4b05f,1643
I2_EVIDENCE_PACK,runner/et1-sessionstart-proof.json,5807b36525a51f5c159b4a0891fc8b806ca8b470cb83afdcbd7c63490ee8b943,426
E1_EVIDENCE_PACK,runner/authority-preflight.json,928d479a6f100880070cc86227610cc13d74b00aa35fa2083f84d323985fa856,936
E1_EVIDENCE_PACK,runner/authority-trace.json,5235b610cc4f5b9d222adc11b5e2dff84fad4f6b13beb44b5983822735b20572,138
E1_EVIDENCE_PACK,runner/et1-collect-proof.json,c8031e233b384c9f50ea3859bcfd299312056a9c34d19c7414d3417756412f5c,1643
E1_EVIDENCE_PACK,runner/et1-sessionstart-proof.json,5807b36525a51f5c159b4a0891fc8b806ca8b470cb83afdcbd7c63490ee8b943,426
