step,timestamp,persona,business_goal,route,user_expectation,actual_result,click_count,elapsed_seconds,assistance_requested,outcome,screenshot_ref,technical_evidence
1-attempt1,2026-08-21T14:29+08:00,A,"创建新的批发商账户","/signup (wholesaler)","提交表单后账户创建成功","提交后弹窗 HTTP 500 Internal Server Error，无法完成注册",n/a,~420,no,FAIL_ENVIRONMENT,screenshot-01,backend log: asyncpg UndefinedTableError relation public.tenant_registrations does not exist (api/v1/auth.py:109 -> services/onboarding_service.py:306)
1-attempt2,2026-08-21T14:36+08:00,A,"创建新的批发商账户","/signup (wholesaler)","国家为下拉选择；注册应包含密码或明确下一步","注册成功(202)。国家字段无下拉(自由输入)；无密码设置环节且成功页无下一步指引，用户误去登录页",n/a,~300,no,COMPLETED_WITH_FRICTION,screenshot-02,"signup 202 @06:27:56Z; tenant_registrations: status=pending, password_hash NULL (by design per schemas/auth_signup.py:14-17)"
2-attempt1,2026-08-21T14:38+08:00,A,"完成邮箱验证并设置登录凭据","/verify-email","验证后应设置密码","打开验证链接即自动验证(200)；页面显示已验证但无任何下一步指引，未出现设置密码环节；验证后系统另发 setup-credential 邮件但页面未告知",2,~90,no,HIGH_FRICTION,screenshot-03,"POST /auth/verify-email 200 @06:33:08Z; email_verified_at set; password_hash still NULL; second email (setup-credential link) delivered @06:33:11Z but no UI hint"
2-attempt2,2026-08-21T14:39+08:00,A,"完成邮箱验证并设置登录凭据","/setup-credential","设置密码页面清晰易用","通过第二封邮件链接成功设置密码并登录成功；密码可见性切换(小眼睛)获正向反馈",n/a,~60,no,COMPLETED,screenshot-04,"setup-credential 200 @06:39:07-06:39:37Z; login 200 @06:39:37Z; tenant user active"
2-extra,2026-08-21T14:40-15:05+08:00,A,"(旅程外探索)忘记密码找回","/forgot-password","提交邮箱后收到重置邮件","三次提交均返回中性成功提示，但重置邮件从未送达；重置令牌发行数为0",3,n/a,no,BLOCKER_PRODUCT_DEFECT,screenshot-05,"3x POST /auth/forgot-password 200 (06:40:27Z,06:40:43Z,~07:0xZ); password_reset_tokens=0; latency 30-63ms & sql_query_count<10 (early exit); out-of-process replay of PasswordResetService.request_reset with identical code/DB/env returns issued=True and commits — indicates in-app tenant session context (RLS/GUC) causes wholesalers scan to return empty; neutral-200 policy masks the failure entirely"
3,2026-08-21T15:12+08:00,A,"登录并判断系统下一步希望您做什么","/dashboard","新手指引引导开张","无新手指引，不知下一步做什么；界面显示原始租户编码 TR5018...；英文界面+浏览器翻译，STOCK 被误译为车辆；财务模块货币为 KES 与注册国家 UG 不符",n/a,~180,no,COMPLETED_WITH_FRICTION,none,"findings F-06..F-09; user verbal report; currency KES vs country UG"
4,2026-08-21T17:21-17:35+08:00,A,"创建第一个可以销售的商品","/skus (+/inventory 提前操作)","按表单直觉创建商品并可在库存中记数量","单品添加成功（用户自行从 SKU 区找到入口）；用户提前跨步在 STOCK 记了库存数量；批量导入失败：模板含 40 行空数据无法导入、无条码占位行先未报错、在无条码处填中文字后 preview 400",n/a,~840,no,COMPLETED_WITH_FRICTION,screenshot-06/07,"POST /api/v1/skus/import/preview 400 x多次 @09:21:37Z & 09:30:27Z; findings F-11/F-12"
5,2026-08-21T17:45+08:00,A,"让一个新的零售商能够向您采购","/retailers 等","找到邀请零售商的入口","全程未找到邀请入口；代码核查确认 InvitePage 为孤儿页面(无任何导航链接)——受支持 UI 无法完成获客链路",n/a,~300,no,BLOCKER,screenshot-08,"finding F-13; Sidebar.tsx:32-38; AppRouter /invite orphan"
5-DIAGNOSTIC,2026-08-21T17:58-18:05+08:00,A,"(诊断)经手动/invite桥接继续邀请流程","/invite(手动URL)→404→/invite/:code","手动桥接后进入邀请页","/invite 裸路径404(路由实为/invite/:code)；InvitePage为消费端；进一步核查发现生成邀请的前端UI完全不存在(零处POST调用)——二次阻断，按CTO条款6立即停止诊断旅程",1,~420,no,BLOCKER_SECOND,screenshot-09,"finding F-14; AppRouter.tsx:107 path=/invite/:code; frontend grep 唯一invitations调用=InvitePage.tsx:29 GET"
