status,nodeid,test_file,domain
failed,tests/business/test_s4e_stock_reservation_lifecycle_audit.py::test_fulfillment_consumes_only_this_order_reservation_and_deducts_on_hand,tests/business/test_s4e_stock_reservation_lifecycle_audit.py,BUSINESS_FINANCE
failed,tests/business/test_s4e_stock_reservation_lifecycle_audit.py::test_return_restores_on_hand_without_creating_reservation,tests/business/test_s4e_stock_reservation_lifecycle_audit.py,BUSINESS_FINANCE
failed,tests/business/test_s4e_stock_reservation_lifecycle_audit.py::test_concurrent_fulfill_consumes_reservation_once_and_writes_one_movement,tests/business/test_s4e_stock_reservation_lifecycle_audit.py,BUSINESS_FINANCE
failed,tests/business/test_s4e_stock_reservation_lifecycle_audit.py::test_reserve_release_and_consume_movement_boundaries,tests/business/test_s4e_stock_reservation_lifecycle_audit.py,BUSINESS_FINANCE
failed,tests/business/test_s4f_business_invariant_closeout.py::test_pay_preserves_inventory_reservation_and_existing_phase5_ledger_semantics,tests/business/test_s4f_business_invariant_closeout.py,BUSINESS_FINANCE
failed,tests/business/test_s4f_business_invariant_closeout.py::test_fulfill_consumes_owned_reservation_writes_movement_and_duplicate_is_stable,tests/business/test_s4f_business_invariant_closeout.py,BUSINESS_FINANCE
failed,tests/business/test_s4f_business_invariant_closeout.py::test_return_restores_on_hand_without_re_reserving_and_duplicate_is_stable,tests/business/test_s4f_business_invariant_closeout.py,BUSINESS_FINANCE
failed,tests/business/test_s4f_business_invariant_closeout.py::test_cancel_confirmed_releases_reservation_and_paid_or_fulfilled_cancel_is_rejected,tests/business/test_s4f_business_invariant_closeout.py,BUSINESS_FINANCE
failed,tests/test_dc3b_credential_recovery_backend.py::test_forgot_password_neutral_for_existing_and_nonexistent_email,tests/test_dc3b_credential_recovery_backend.py,AUTH_ONBOARDING
failed,tests/test_dc3b_credential_recovery_backend.py::test_reset_token_stored_hash_only_raw_never_persisted,tests/test_dc3b_credential_recovery_backend.py,AUTH_ONBOARDING
failed,tests/test_dc3b_credential_recovery_backend.py::test_reset_with_valid_token_updates_password,tests/test_dc3b_credential_recovery_backend.py,AUTH_ONBOARDING
failed,tests/test_dc3b_credential_recovery_backend.py::test_invalid_states_fail_neutrally,tests/test_dc3b_credential_recovery_backend.py,AUTH_ONBOARDING
failed,tests/test_dc3b_credential_recovery_backend.py::test_query_string_token_rejected,tests/test_dc3b_credential_recovery_backend.py,AUTH_ONBOARDING
failed,tests/test_dc3b_credential_recovery_backend.py::test_reset_updates_both_tenant_copies,tests/test_dc3b_credential_recovery_backend.py,AUTH_ONBOARDING
failed,tests/test_dc3b_credential_recovery_backend.py::test_login_succeeds_after_reset_with_multiple_copies,tests/test_dc3b_credential_recovery_backend.py,AUTH_ONBOARDING
failed,tests/test_dc3b_credential_recovery_backend.py::test_no_internal_ids_tokens_hashes_in_public_responses,tests/test_dc3b_credential_recovery_backend.py,AUTH_ONBOARDING
failed,tests/test_dc3b_credential_recovery_backend.py::test_r1_after_reset_both_copies_login_and_select,tests/test_dc3b_credential_recovery_backend.py,AUTH_ONBOARDING
failed,tests/test_models_structure.py::TestORMModelStructure::test_all_models_have_uuid_primary_key,tests/test_models_structure.py,PLATFORM
failed,tests/test_models_structure.py::TestORMModelStructure::test_all_models_have_audit_columns,tests/test_models_structure.py,PLATFORM
failed,tests/test_models_structure.py::TestORMModelStructure::test_all_models_have_explicit_tablename,tests/test_models_structure.py,PLATFORM
failed,tests/test_models_structure.py::TestPublicBaseModel::test_public_base_model_has_audit_columns,tests/test_models_structure.py,PLATFORM
failed,tests/test_platform_p17dc_backup_migration.py::test_additions_only_from_base_to_head,tests/test_platform_p17dc_backup_migration.py,PLATFORM
failed,tests/test_platform_p17dc_backup_migration.py::test_downgrade_drops_only_p17dc_objects,tests/test_platform_p17dc_backup_migration.py,PLATFORM
failed,tests/test_platform_p17dc_backup_migration.py::test_reupgrade_recreates_tables,tests/test_platform_p17dc_backup_migration.py,PLATFORM
failed,tests/test_platform_p17dc_backup_migration.py::test_no_backup_objects_in_tenant_schemas,tests/test_platform_p17dc_backup_migration.py,PLATFORM
failed,tests/test_platform_p17dc_backup_migration.py::test_upgrade_does_not_create_tenant_schema,tests/test_platform_p17dc_backup_migration.py,PLATFORM
failed,tests/test_platform_p17dc_backup_migration.py::test_base_revision_is_020_before_upgrade,tests/test_platform_p17dc_backup_migration.py,PLATFORM
failed,tests/test_platform_p17dc_backup_migration.py::test_check_constraints_enforce_honesty,tests/test_platform_p17dc_backup_migration.py,PLATFORM
failed,tests/test_platform_p17dc_backup_migration.py::test_policy_uniqueness,tests/test_platform_p17dc_backup_migration.py,PLATFORM
failed,tests/test_platform_p17dc_backup_migration.py::test_latest_completed_excludes_in_progress,tests/test_platform_p17dc_backup_migration.py,PLATFORM
failed,tests/test_platform_p17dc_backup_registry_read.py::TestLoadBackupStatusMap::test_empty_tenant_ids,tests/test_platform_p17dc_backup_registry_read.py,PLATFORM
failed,tests/test_platform_p17dc_backup_registry_read.py::TestLoadBackupStatusMap::test_read_failure_returns_none,tests/test_platform_p17dc_backup_registry_read.py,PLATFORM
failed,tests/test_platform_p17dc_backup_registry_read.py::TestLoadBackupStatusMap::test_no_outcomes_yields_unknown_per_tenant,tests/test_platform_p17dc_backup_registry_read.py,PLATFORM
failed,tests/test_platform_p17dc_backup_registry_read.py::TestLoadBackupStatusMap::test_tenant_specific_preferred_over_platform_wide,tests/test_platform_p17dc_backup_registry_read.py,PLATFORM
failed,tests/test_platform_p17dc_backup_registry_read.py::TestLoadBackupStatusMap::test_platform_wide_fallback_when_no_tenant_outcome,tests/test_platform_p17dc_backup_registry_read.py,PLATFORM
failed,tests/test_platform_p17dc_backup_registry_read.py::TestLoadBackupStatusMap::test_latest_completed_chosen_per_kind,tests/test_platform_p17dc_backup_registry_read.py,PLATFORM
failed,tests/test_platform_p17dc_backup_registry_read.py::TestLoadBackupStatusMap::test_policy_tenant_then_platform_default,tests/test_platform_p17dc_backup_registry_read.py,PLATFORM
failed,tests/test_platform_p17dc_backup_registry_read.py::TestLoadBackupStatusMap::test_load_map_performs_no_mutations,tests/test_platform_p17dc_backup_registry_read.py,PLATFORM
failed,tests/test_platform_p17dc_backup_registry_read.py::TestRegistryAssembly::test_fresh_success_attached_to_registry,tests/test_platform_p17dc_backup_registry_read.py,PLATFORM
failed,tests/test_platform_p17dc_backup_registry_read.py::TestRegistryAssembly::test_tenant_specific_wins_over_platform_at_registry,tests/test_platform_p17dc_backup_registry_read.py,PLATFORM
failed,tests/test_platform_p21_durable_approval_adapter_implementation.py::test_retention_and_export_methods_remain_deferred,tests/test_platform_p21_durable_approval_adapter_implementation.py,PLATFORM
failed,tests/test_platform_p21_durable_approval_adapter_implementation.py::test_create_persists_request_audit_idempotency_and_no_execution,tests/test_platform_p21_durable_approval_adapter_implementation.py,PLATFORM
failed,tests/test_platform_p21_durable_approval_adapter_implementation.py::test_create_idempotent_replay_returns_duplicate,tests/test_platform_p21_durable_approval_adapter_implementation.py,PLATFORM
failed,tests/test_platform_p21_durable_approval_adapter_implementation.py::test_create_conflict_on_same_key_different_payload,tests/test_platform_p21_durable_approval_adapter_implementation.py,PLATFORM
failed,tests/test_platform_p21_durable_approval_adapter_implementation.py::test_create_denials_persist_no_request_row,tests/test_platform_p21_durable_approval_adapter_implementation.py,PLATFORM
failed,tests/test_platform_p21_durable_approval_adapter_implementation.py::test_decision_persists_checker_audit_idempotency,tests/test_platform_p21_durable_approval_adapter_implementation.py,PLATFORM
failed,tests/test_platform_p21_durable_approval_adapter_implementation.py::test_duplicate_decision_same_checker_is_idempotent,tests/test_platform_p21_durable_approval_adapter_implementation.py,PLATFORM
failed,tests/test_platform_p21_durable_approval_adapter_implementation.py::test_conflict_checker_flip_is_rejected,tests/test_platform_p21_durable_approval_adapter_implementation.py,PLATFORM
failed,tests/test_platform_p21_durable_approval_adapter_implementation.py::test_maker_checker_denies_self_decision_and_persists_nothing,tests/test_platform_p21_durable_approval_adapter_implementation.py,PLATFORM
failed,tests/test_platform_p21_durable_approval_adapter_implementation.py::test_reject_is_final_blocks_later_approve,tests/test_platform_p21_durable_approval_adapter_implementation.py,PLATFORM
failed,tests/test_platform_p21_durable_approval_adapter_implementation.py::test_source_honesty_blocks_approve_against_unknown_source,tests/test_platform_p21_durable_approval_adapter_implementation.py,PLATFORM
failed,tests/test_platform_p21_durable_approval_adapter_implementation.py::test_quorum_met_persists_approved_execution_blocked,tests/test_platform_p21_durable_approval_adapter_implementation.py,PLATFORM
failed,tests/test_platform_p21_durable_approval_adapter_implementation.py::test_restart_safety_new_adapter_reads_back,tests/test_platform_p21_durable_approval_adapter_implementation.py,PLATFORM
failed,tests/test_platform_p21_durable_approval_adapter_implementation.py::test_audit_sequence_no_monotonic_across_restart,tests/test_platform_p21_durable_approval_adapter_implementation.py,PLATFORM
failed,tests/test_platform_p21_durable_approval_adapter_implementation.py::test_get_request_not_found,tests/test_platform_p21_durable_approval_adapter_implementation.py,PLATFORM
failed,tests/test_platform_p21_durable_approval_adapter_implementation.py::test_list_requests_filters_and_pagination,tests/test_platform_p21_durable_approval_adapter_implementation.py,PLATFORM
failed,tests/test_platform_p21_durable_approval_adapter_implementation.py::test_raw_idempotency_key_never_persisted,tests/test_platform_p21_durable_approval_adapter_implementation.py,PLATFORM
failed,tests/test_platform_p21_durable_approval_adapter_implementation.py::test_raw_secret_reason_redacted_before_persistence,tests/test_platform_p21_durable_approval_adapter_implementation.py,PLATFORM
failed,tests/test_platform_p21_durable_approval_adapter_implementation.py::test_no_execution_invariant_across_lifecycle,tests/test_platform_p21_durable_approval_adapter_implementation.py,PLATFORM
failed,tests/test_platform_p21_durable_approval_adapter_skeleton.py::test_no_new_alembic_migration_chained_on_020,tests/test_platform_p21_durable_approval_adapter_skeleton.py,PLATFORM
failed,tests/test_platform_p21_durable_approval_migration.py::test_additions_only_from_base_to_head,tests/test_platform_p21_durable_approval_migration.py,PLATFORM
failed,tests/test_platform_p21_durable_approval_migration.py::test_downgrade_drops_only_p21_objects,tests/test_platform_p21_durable_approval_migration.py,PLATFORM
failed,tests/test_platform_p21_durable_approval_migration.py::test_reupgrade_recreates_tables,tests/test_platform_p21_durable_approval_migration.py,PLATFORM
failed,tests/test_platform_p21_durable_approval_migration.py::test_no_durable_objects_in_tenant_schemas,tests/test_platform_p21_durable_approval_migration.py,PLATFORM
failed,tests/test_platform_p21_durable_approval_migration.py::test_upgrade_does_not_create_tenant_schema,tests/test_platform_p21_durable_approval_migration.py,PLATFORM
failed,tests/test_platform_p21_durable_approval_migration.py::test_base_revision_is_019_before_upgrade,tests/test_platform_p21_durable_approval_migration.py,PLATFORM
failed,tests/test_platform_p21dd_runtime_storage_cutover_gate.py::TestReadinessGate::test_ready_on_migrated_db,tests/test_platform_p21dd_runtime_storage_cutover_gate.py,PLATFORM
failed,tests/test_platform_p21dd_runtime_storage_cutover_gate.py::TestReadinessGate::test_storage_not_ready_when_schema_missing,tests/test_platform_p21dd_runtime_storage_cutover_gate.py,PLATFORM
failed,tests/test_platform_p21dd_runtime_storage_cutover_gate.py::TestReadinessGate::test_unavailable_when_db_unreachable,tests/test_platform_p21dd_runtime_storage_cutover_gate.py,PLATFORM
failed,tests/test_platform_p21dd_runtime_storage_cutover_gate.py::TestReadinessGate::test_shell_schema_passes_table_count,tests/test_platform_p21dd_runtime_storage_cutover_gate.py,PLATFORM
failed,tests/test_platform_p21dd_runtime_storage_cutover_gate.py::TestDurableHappyPath::test_create_records_durable_and_no_execution,tests/test_platform_p21dd_runtime_storage_cutover_gate.py,PLATFORM
failed,tests/test_platform_p21dd_runtime_storage_cutover_gate.py::TestDurableHappyPath::test_create_persists_to_durable_table,tests/test_platform_p21dd_runtime_storage_cutover_gate.py,PLATFORM
failed,tests/test_platform_p21dd_runtime_storage_cutover_gate.py::TestDurableHappyPath::test_durable_read_returns_record,tests/test_platform_p21dd_runtime_storage_cutover_gate.py,PLATFORM
failed,tests/test_platform_p21dd_runtime_storage_cutover_gate.py::TestDurableHappyPath::test_durable_read_not_found_returns_none,tests/test_platform_p21dd_runtime_storage_cutover_gate.py,PLATFORM
failed,tests/test_platform_p21dd_runtime_storage_cutover_gate.py::TestDurableHappyPath::test_durable_list_filters_and_marks_durable,tests/test_platform_p21dd_runtime_storage_cutover_gate.py,PLATFORM
failed,tests/test_platform_p21dd_runtime_storage_cutover_gate.py::TestRestartSafety::test_create_survives_new_session,tests/test_platform_p21dd_runtime_storage_cutover_gate.py,PLATFORM
failed,tests/test_platform_p21dd_runtime_storage_cutover_gate.py::TestDurableIdempotency::test_duplicate_create_returns_original,tests/test_platform_p21dd_runtime_storage_cutover_gate.py,PLATFORM
failed,tests/test_platform_p21dd_runtime_storage_cutover_gate.py::TestDurableIdempotency::test_create_conflict_on_same_key_different_payload,tests/test_platform_p21dd_runtime_storage_cutover_gate.py,PLATFORM
failed,tests/test_platform_p21dd_runtime_storage_cutover_gate.py::TestDurableIdempotency::test_create_key_digest_only_no_raw_in_db,tests/test_platform_p21dd_runtime_storage_cutover_gate.py,PLATFORM
failed,tests/test_platform_p21dd_runtime_storage_cutover_gate.py::TestDurableDualControl::test_maker_cannot_self_decide,tests/test_platform_p21dd_runtime_storage_cutover_gate.py,PLATFORM
failed,tests/test_platform_p21dd_runtime_storage_cutover_gate.py::TestDurableDualControl::test_quorum_requires_two_distinct_checkers,tests/test_platform_p21dd_runtime_storage_cutover_gate.py,PLATFORM
failed,tests/test_platform_p21dd_runtime_storage_cutover_gate.py::TestDurableDualControl::test_reject_is_final,tests/test_platform_p21dd_runtime_storage_cutover_gate.py,PLATFORM
failed,tests/test_platform_p21dd_runtime_storage_cutover_gate.py::TestDurableDualControl::test_approve_denied_against_unknown_source,tests/test_platform_p21dd_runtime_storage_cutover_gate.py,PLATFORM
failed,tests/test_platform_p21dd_runtime_storage_cutover_gate.py::TestDurableDualControl::test_payload_approver_mismatch_denied,tests/test_platform_p21dd_runtime_storage_cutover_gate.py,PLATFORM
failed,tests/test_platform_p21dd_runtime_storage_cutover_gate.py::TestStoreNotReady::test_create_raises_and_writes_no_memory,tests/test_platform_p21dd_runtime_storage_cutover_gate.py,PLATFORM
failed,tests/test_platform_p21dd_runtime_storage_cutover_gate.py::TestStoreNotReady::test_decision_raises_and_writes_no_memory,tests/test_platform_p21dd_runtime_storage_cutover_gate.py,PLATFORM
failed,tests/test_platform_p21dd_runtime_storage_cutover_gate.py::TestStoreNotReady::test_read_and_list_raise_when_not_ready,tests/test_platform_p21dd_runtime_storage_cutover_gate.py,PLATFORM
failed,tests/test_platform_p21dd_runtime_storage_cutover_gate.py::TestStoreNotReady::test_no_silent_memory_fallback_record_returned,tests/test_platform_p21dd_runtime_storage_cutover_gate.py,PLATFORM
failed,tests/test_platform_p21dd_runtime_storage_cutover_gate.py::TestStoreNotReady::test_not_ready_leaks_no_raw_key_or_reason,tests/test_platform_p21dd_runtime_storage_cutover_gate.py,PLATFORM
failed,tests/test_platform_p21dd_runtime_storage_cutover_gate.py::TestDegradedPath::test_create_degraded_when_op_fails_after_readiness,tests/test_platform_p21dd_runtime_storage_cutover_gate.py,PLATFORM
failed,tests/test_platform_p21dd_runtime_storage_cutover_gate.py::TestExplicitMemoryMode::test_memory_mode_uses_in_memory_store,tests/test_platform_p21dd_runtime_storage_cutover_gate.py,PLATFORM
failed,tests/test_platform_p21e_durable_approval_runtime_closeout.py::TestRestartSafetyCloseout::test_list_finds_record_after_session_restart,tests/test_platform_p21e_durable_approval_runtime_closeout.py,PLATFORM
failed,tests/test_platform_p21e_durable_approval_runtime_closeout.py::TestRestartSafetyCloseout::test_decision_reaches_quorum_across_restart_boundary,tests/test_platform_p21e_durable_approval_runtime_closeout.py,PLATFORM
failed,tests/test_request_validation.py::TestRequestValidation::test_login_rejects_missing_email,tests/test_request_validation.py,PLATFORM
failed,tests/test_s3b_fresh_tenant_live_runtime_proof.py::TestLiveTenantSchemaBootstrapped::test_all_required_tables_present,tests/test_s3b_fresh_tenant_live_runtime_proof.py,PLATFORM
error,tests/test_s3b_fresh_tenant_live_runtime_proof.py::TestLiveAdminPermissionsComplete::test_admin_user_exists_and_is_active,tests/test_s3b_fresh_tenant_live_runtime_proof.py,PLATFORM
error,tests/test_s3b_fresh_tenant_live_runtime_proof.py::TestLiveAdminPermissionsComplete::test_admin_has_at_least_one_role,tests/test_s3b_fresh_tenant_live_runtime_proof.py,PLATFORM
error,tests/test_s3b_fresh_tenant_live_runtime_proof.py::TestLiveAdminPermissionsComplete::test_admin_role_has_all_required_permissions,tests/test_s3b_fresh_tenant_live_runtime_proof.py,PLATFORM
error,tests/test_s3b_fresh_tenant_live_runtime_proof.py::TestNearRealContextualJwtFlow::test_encode_decode_roundtrip,tests/test_s3b_fresh_tenant_live_runtime_proof.py,PLATFORM
error,tests/test_s3b_fresh_tenant_live_runtime_proof.py::TestNearRealContextualJwtFlow::test_decoded_token_is_contextual_not_identity,tests/test_s3b_fresh_tenant_live_runtime_proof.py,PLATFORM
error,tests/test_s3b_fresh_tenant_live_runtime_proof.py::TestLiveEndpointSmoke::test_dashboard_kpi_summary,tests/test_s3b_fresh_tenant_live_runtime_proof.py,PLATFORM
error,tests/test_s3b_fresh_tenant_live_runtime_proof.py::TestLiveEndpointSmoke::test_dashboard_sales_trend,tests/test_s3b_fresh_tenant_live_runtime_proof.py,PLATFORM
error,tests/test_s3b_fresh_tenant_live_runtime_proof.py::TestLiveEndpointSmoke::test_dashboard_cash_flow,tests/test_s3b_fresh_tenant_live_runtime_proof.py,PLATFORM
error,tests/test_s3b_fresh_tenant_live_runtime_proof.py::TestLiveEndpointSmoke::test_orders_list,tests/test_s3b_fresh_tenant_live_runtime_proof.py,PLATFORM
error,tests/test_s3b_fresh_tenant_live_runtime_proof.py::TestLiveEndpointSmoke::test_skus_list,tests/test_s3b_fresh_tenant_live_runtime_proof.py,PLATFORM
error,tests/test_s3b_fresh_tenant_live_runtime_proof.py::TestLiveEndpointSmoke::test_stock_list_endpoint,tests/test_s3b_fresh_tenant_live_runtime_proof.py,PLATFORM
error,tests/test_s3b_fresh_tenant_live_runtime_proof.py::TestLiveEndpointSmoke::test_pricing_prices,tests/test_s3b_fresh_tenant_live_runtime_proof.py,PLATFORM
error,tests/test_s3b_fresh_tenant_live_runtime_proof.py::TestLiveEndpointSmoke::test_payments_list,tests/test_s3b_fresh_tenant_live_runtime_proof.py,PLATFORM
error,tests/test_s3b_fresh_tenant_live_runtime_proof.py::TestLiveEndpointSmoke::test_retailers_list,tests/test_s3b_fresh_tenant_live_runtime_proof.py,PLATFORM
error,tests/test_s3b_fresh_tenant_live_runtime_proof.py::TestLiveEndpointSmoke::test_retailer_bindings,tests/test_s3b_fresh_tenant_live_runtime_proof.py,PLATFORM
error,tests/test_s3b_fresh_tenant_live_runtime_proof.py::TestLiveEndpointSmoke::test_exports_status,tests/test_s3b_fresh_tenant_live_runtime_proof.py,PLATFORM
error,tests/test_s3b_fresh_tenant_live_runtime_proof.py::TestBusinessEmptyStateProof::test_pricing_non_200_is_business_not_auth,tests/test_s3b_fresh_tenant_live_runtime_proof.py,PLATFORM
error,tests/test_s3b_fresh_tenant_live_runtime_proof.py::TestBusinessEmptyStateProof::test_exports_non_200_is_business_not_auth,tests/test_s3b_fresh_tenant_live_runtime_proof.py,PLATFORM
failed,tests/test_s3c_cache.py::test_redis_client_lifecycle,tests/test_s3c_cache.py,PLATFORM
failed,tests/test_s3c_self_contained_fresh_tenant_live_proof.py::TestFreshEndpointSmoke::test_dashboard_kpi_summary,tests/test_s3c_self_contained_fresh_tenant_live_proof.py,PLATFORM
error,tests/test_s4_jobs_persistence.py::test_job_persistence_happy_path,tests/test_s4_jobs_persistence.py,PLATFORM
error,tests/test_s4_jobs_persistence.py::test_job_retry_on_failure,tests/test_s4_jobs_persistence.py,PLATFORM
error,tests/test_s4_jobs_persistence.py::test_job_max_retries_reached,tests/test_s4_jobs_persistence.py,PLATFORM
error,tests/test_s4_jobs_persistence.py::test_job_record_persistence,tests/test_s4_jobs_persistence.py,PLATFORM
error,tests/test_s4_jobs_persistence.py::test_multiple_jobs_persistence,tests/test_s4_jobs_persistence.py,PLATFORM
error,tests/test_s5_5_ledger_hardening.py::test_database_blocks_update_operations,tests/test_s5_5_ledger_hardening.py,BUSINESS_FINANCE
error,tests/test_s5_5_ledger_hardening.py::test_database_blocks_delete_operations,tests/test_s5_5_ledger_hardening.py,BUSINESS_FINANCE
error,tests/test_s5_5_ledger_hardening.py::test_application_rejects_unbalanced_transaction,tests/test_s5_5_ledger_hardening.py,BUSINESS_FINANCE
error,tests/test_s5_5_ledger_hardening.py::test_entry_version_column_exists_and_defaults,tests/test_s5_5_ledger_hardening.py,BUSINESS_FINANCE
failed,tests/test_s5_5_ledger_hardening.py::test_hash_column_exists_and_nullable,tests/test_s5_5_ledger_hardening.py,BUSINESS_FINANCE
error,tests/test_s5_5_ledger_hardening.py::test_balanced_transaction_still_works,tests/test_s5_5_ledger_hardening.py,BUSINESS_FINANCE
error,tests/test_s5_5_ledger_hardening.py::test_trigger_function_exists,tests/test_s5_5_ledger_hardening.py,BUSINESS_FINANCE
error,tests/test_s5_5_ledger_hardening.py::test_trigger_attached_to_table,tests/test_s5_5_ledger_hardening.py,BUSINESS_FINANCE
failed,tests/test_s5_5_ledger_hardening.py::test_zero_amount_entries_allowed_if_balanced,tests/test_s5_5_ledger_hardening.py,BUSINESS_FINANCE
error,tests/test_s5_5_ledger_hardening.py::test_high_precision_amounts_balanced_correctly,tests/test_s5_5_ledger_hardening.py,BUSINESS_FINANCE
failed,tests/test_s5_ledger.py::test_post_single_entry,tests/test_s5_ledger.py,BUSINESS_FINANCE
error,tests/test_s5_ledger.py::test_post_balanced_transaction,tests/test_s5_ledger.py,BUSINESS_FINANCE
failed,tests/test_s5_ledger.py::test_calculate_account_balance,tests/test_s5_ledger.py,BUSINESS_FINANCE
error,tests/test_s5_ledger.py::test_get_entries_for_reference,tests/test_s5_ledger.py,BUSINESS_FINANCE
error,tests/test_s5_ledger.py::test_order_confirmation_creates_ledger_entries,tests/test_s5_ledger.py,BUSINESS_FINANCE
error,tests/test_s5_ledger.py::test_payment_received_updates_ledger,tests/test_s5_ledger.py,BUSINESS_FINANCE
error,tests/test_s5_ledger.py::test_full_order_lifecycle_accounting,tests/test_s5_ledger.py,BUSINESS_FINANCE
error,tests/test_s5_ledger.py::test_ledger_immutability,tests/test_s5_ledger.py,BUSINESS_FINANCE
failed,tests/test_s5_ledger.py::test_balance_projection_as_of_date,tests/test_s5_ledger.py,BUSINESS_FINANCE
error,tests/test_s5_ledger.py::test_multiple_orders_accounting,tests/test_s5_ledger.py,BUSINESS_FINANCE
error,tests/test_s5_ledger.py::test_zero_balance_for_unused_account,tests/test_s5_ledger.py,BUSINESS_FINANCE
error,tests/test_s5_ledger.py::test_credit_paid_skips_cash_settlement_ledger,tests/test_s5_ledger.py,BUSINESS_FINANCE
error,tests/test_s5_ledger.py::test_default_paid_posts_cash_settlement_ledger,tests/test_s5_ledger.py,BUSINESS_FINANCE
error,tests/test_s5_ledger.py::test_explicit_cash_paid_posts_cash_settlement,tests/test_s5_ledger.py,BUSINESS_FINANCE
error,tests/test_s5_order_state_machine.py::test_happy_path_draft_to_fulfilled,tests/test_s5_order_state_machine.py,BUSINESS_FINANCE
error,tests/test_s5_order_state_machine.py::test_illegal_transition_draft_to_fulfilled,tests/test_s5_order_state_machine.py,BUSINESS_FINANCE
error,tests/test_s5_order_state_machine.py::test_partially_paid_self_transition_allowed_only_for_payment_context,tests/test_s5_order_state_machine.py,BUSINESS_FINANCE
error,tests/test_s5_order_state_machine.py::test_invariant_violation_confirm_zero_total,tests/test_s5_order_state_machine.py,BUSINESS_FINANCE
error,tests/test_s5_order_state_machine.py::test_terminal_state_no_transitions,tests/test_s5_order_state_machine.py,BUSINESS_FINANCE
error,tests/test_s5_order_state_machine.py::test_void_vs_cancel_rules,tests/test_s5_order_state_machine.py,BUSINESS_FINANCE
error,tests/test_s5_order_state_machine.py::test_partial_payment_flow,tests/test_s5_order_state_machine.py,BUSINESS_FINANCE
error,tests/test_s5_order_state_machine.py::test_concurrent_transition_with_locking,tests/test_s5_order_state_machine.py,BUSINESS_FINANCE
error,tests/test_s5_order_state_machine.py::test_transition_with_updated_by,tests/test_s5_order_state_machine.py,BUSINESS_FINANCE
error,tests/test_s5_order_state_machine.py::test_order_not_found,tests/test_s5_order_state_machine.py,BUSINESS_FINANCE
error,tests/test_s5_order_state_machine.py::test_cannot_fulfill_unpaid_order,tests/test_s5_order_state_machine.py,BUSINESS_FINANCE
failed,tests/test_s5a_fresh_tenant_real_user_journey_gate.py::test_fresh_tenant_bootstrap_supports_returned_order_status_for_real_return_journey,tests/test_s5a_fresh_tenant_real_user_journey_gate.py,PLATFORM
error,tests/test_s5d4b_settled_cash_payment.py::test_settle_update_leaves_credit_rows_pending,tests/test_s5d4b_settled_cash_payment.py,BUSINESS_FINANCE
error,tests/test_s5d4b_settled_cash_payment.py::test_route_settlement_failure_rolls_back_payment_order_balance_and_ledger,tests/test_s5d4b_settled_cash_payment.py,BUSINESS_FINANCE
error,tests/test_s5d5_payment_ledger_runtime_invariant.py::test_full_cash_payment_completes_and_has_balanced_ledger,tests/test_s5d5_payment_ledger_runtime_invariant.py,BUSINESS_FINANCE
error,tests/test_s5d5_payment_ledger_runtime_invariant.py::test_partial_cash_payment_only_gets_completed_ledger_coverage_on_final_payment,tests/test_s5d5_payment_ledger_runtime_invariant.py,BUSINESS_FINANCE
error,tests/test_s5d5_payment_ledger_runtime_invariant.py::test_partial_transfer_payment_does_not_complete_without_ledger_coverage,tests/test_s5d5_payment_ledger_runtime_invariant.py,BUSINESS_FINANCE
error,tests/test_s5d5_payment_ledger_runtime_invariant.py::test_full_transfer_payment_completes_and_has_balanced_ledger,tests/test_s5d5_payment_ledger_runtime_invariant.py,BUSINESS_FINANCE
error,tests/test_s5d5_payment_ledger_runtime_invariant.py::test_credit_payment_is_pending_and_excluded_from_completed_ledger_invariant,tests/test_s5d5_payment_ledger_runtime_invariant.py,BUSINESS_FINANCE
error,tests/test_s5d6_multi_partial_payment_state_machine.py::test_cash_allows_multiple_partials_then_final_balanced_settlement,tests/test_s5d6_multi_partial_payment_state_machine.py,BUSINESS_FINANCE
error,tests/test_s5d6_multi_partial_payment_state_machine.py::test_transfer_allows_multiple_partials_then_final_balanced_settlement,tests/test_s5d6_multi_partial_payment_state_machine.py,BUSINESS_FINANCE
error,tests/test_s6_2_materialized_views.py::test_mv_sales_daily_staleness_then_refresh,tests/test_s6_2_materialized_views.py,MIGRATION_REPORTING
error,tests/test_s6_2_materialized_views.py::test_advisory_lock_prevents_double_refresh,tests/test_s6_2_materialized_views.py,MIGRATION_REPORTING
error,tests/test_s6_2_materialized_views.py::test_mv_sales_daily_has_unique_index,tests/test_s6_2_materialized_views.py,MIGRATION_REPORTING
error,tests/test_s6_2_materialized_views.py::test_receivables_summary_is_realtime,tests/test_s6_2_materialized_views.py,MIGRATION_REPORTING
failed,tests/test_s6_2_materialized_views.py::test_mv_sales_daily_accessible_by_reporting_user,tests/test_s6_2_materialized_views.py,MIGRATION_REPORTING
error,tests/test_s6_3_dashboard_api.py::test_query_builder_fetch_kpi_summary,tests/test_s6_3_dashboard_api.py,MIGRATION_REPORTING
error,tests/test_s6_3_dashboard_api.py::test_query_builder_fetch_all_receivables,tests/test_s6_3_dashboard_api.py,MIGRATION_REPORTING
error,tests/test_s6_3_dashboard_api.py::test_query_builder_fetch_time_series,tests/test_s6_3_dashboard_api.py,MIGRATION_REPORTING
error,tests/test_s6_3_dashboard_api.py::test_query_builder_empty_mv_returns_zeros,tests/test_s6_3_dashboard_api.py,MIGRATION_REPORTING
failed,tests/test_s6_3_dashboard_api.py::test_query_builder_reporting_user_access,tests/test_s6_3_dashboard_api.py,MIGRATION_REPORTING
error,tests/test_s6_p_reporting_constraints.py::test_reporting_user_cannot_insert,tests/test_s6_p_reporting_constraints.py,MIGRATION_REPORTING
error,tests/test_s6_p_reporting_constraints.py::test_reporting_user_cannot_update,tests/test_s6_p_reporting_constraints.py,MIGRATION_REPORTING
error,tests/test_s6_p_reporting_constraints.py::test_reporting_user_cannot_delete,tests/test_s6_p_reporting_constraints.py,MIGRATION_REPORTING
error,tests/test_s6_p_reporting_constraints.py::test_reporting_user_can_select,tests/test_s6_p_reporting_constraints.py,MIGRATION_REPORTING
error,tests/test_s6_p_reporting_constraints.py::test_reporting_role_has_timeout,tests/test_s6_p_reporting_constraints.py,MIGRATION_REPORTING
error,tests/test_search_path.py::test_search_path_is_set,tests/test_search_path.py,PLATFORM
failed,tests/test_tenant_isolation.py::TestTenantSchemaIsolation::test_search_path_set_for_tenant_session,tests/test_tenant_isolation.py,PLATFORM
error,tests/test_u1r1_bootstrap_completeness.py::TestTableCompleteness::test_all_mvp_tables_exist,tests/test_u1r1_bootstrap_completeness.py,MIGRATION_REPORTING
error,tests/test_u1r1_bootstrap_completeness.py::TestTableCompleteness::test_retailers_in_public_not_tenant,tests/test_u1r1_bootstrap_completeness.py,MIGRATION_REPORTING
error,tests/test_u1r1_bootstrap_completeness.py::TestBootstrapImportRuns::test_import_runs_table_exists,tests/test_u1r1_bootstrap_completeness.py,MIGRATION_REPORTING
error,tests/test_u1r1_bootstrap_completeness.py::TestBootstrapImportRuns::test_import_runs_all_columns_present,tests/test_u1r1_bootstrap_completeness.py,MIGRATION_REPORTING
error,tests/test_u1r1_bootstrap_completeness.py::TestBootstrapImportRuns::test_import_runs_all_indexes_present,tests/test_u1r1_bootstrap_completeness.py,MIGRATION_REPORTING
error,tests/test_u1r1_bootstrap_completeness.py::TestBootstrapImportRuns::test_import_runs_import_id_unique_index,tests/test_u1r1_bootstrap_completeness.py,MIGRATION_REPORTING
error,tests/test_u1r1_bootstrap_completeness.py::TestBootstrapImportRuns::test_double_bootstrap_import_runs_idempotent,tests/test_u1r1_bootstrap_completeness.py,MIGRATION_REPORTING
error,tests/test_u1r1_bootstrap_completeness.py::TestBootstrapImportPreviewValidate::test_preview_creates_row_in_bootstrapped_import_runs,tests/test_u1r1_bootstrap_completeness.py,MIGRATION_REPORTING
error,tests/test_u1r1_bootstrap_completeness.py::TestBootstrapImportPreviewValidate::test_validate_updates_bootstrapped_import_runs,tests/test_u1r1_bootstrap_completeness.py,MIGRATION_REPORTING
error,tests/test_u1r1_bootstrap_completeness.py::TestAdminPermissionCompleteness::test_admin_has_all_desired_permissions,tests/test_u1r1_bootstrap_completeness.py,MIGRATION_REPORTING
error,tests/test_u1r1_bootstrap_completeness.py::TestAdminPermissionCompleteness::test_admin_user_has_admin_role,tests/test_u1r1_bootstrap_completeness.py,MIGRATION_REPORTING
error,tests/test_u1r1_bootstrap_completeness.py::TestBootstrapIdempotency::test_double_bootstrap_does_not_error,tests/test_u1r1_bootstrap_completeness.py,MIGRATION_REPORTING
error,tests/test_u1r1_bootstrap_completeness.py::TestBootstrapIdempotency::test_table_count_unchanged_after_double_bootstrap,tests/test_u1r1_bootstrap_completeness.py,MIGRATION_REPORTING
error,tests/test_u1r1_bootstrap_completeness.py::TestSidebarApiSmoke::test_sidebar_endpoint_returns_200[GET-/api/v1/retailers-Customers],tests/test_u1r1_bootstrap_completeness.py,MIGRATION_REPORTING
error,tests/test_u1r1_bootstrap_completeness.py::TestSidebarApiSmoke::test_sidebar_endpoint_returns_200[GET-/api/v1/dashboards/kpi/summary-Dashboard],tests/test_u1r1_bootstrap_completeness.py,MIGRATION_REPORTING
error,tests/test_u1r1_bootstrap_completeness.py::TestSidebarApiSmokeNonSuperAdmin::test_no_perm_user_gets_403,tests/test_u1r1_bootstrap_completeness.py,MIGRATION_REPORTING
error,tests/test_u1r1_bootstrap_completeness.py::TestSidebarApiSmokeNonSuperAdmin::test_admin_with_perms_passes_requirement,tests/test_u1r1_bootstrap_completeness.py,MIGRATION_REPORTING
error,tests/test_u1r1_bootstrap_completeness.py::TestSidebarApiSmokeNonSuperAdmin::test_no_perm_user_raises_on_requirement,tests/test_u1r1_bootstrap_completeness.py,MIGRATION_REPORTING
error,tests/test_u3b2_live_db_import_preview_validate.py::TestMigrationSmoke::test_022_migration_creates_import_runs,tests/test_u3b2_live_db_import_preview_validate.py,MIGRATION_REPORTING
error,tests/test_u3b2_live_db_import_preview_validate.py::TestMigrationSmoke::test_022_migration_includes_audit_columns,tests/test_u3b2_live_db_import_preview_validate.py,MIGRATION_REPORTING
error,tests/test_u3b2_live_db_import_preview_validate.py::TestMigrationSmoke::test_022_migration_all_orm_columns_present,tests/test_u3b2_live_db_import_preview_validate.py,MIGRATION_REPORTING
error,tests/test_u3b2_live_db_import_preview_validate.py::TestMigrationSmoke::test_import_runs_not_in_public_schema,tests/test_u3b2_live_db_import_preview_validate.py,MIGRATION_REPORTING
error,tests/test_u3b2_live_db_import_preview_validate.py::TestPreviewLiveDB::test_preview_creates_import_run,tests/test_u3b2_live_db_import_preview_validate.py,MIGRATION_REPORTING
error,tests/test_u3b2_live_db_import_preview_validate.py::TestPreviewLiveDB::test_preview_utf8_sig_bom_live,tests/test_u3b2_live_db_import_preview_validate.py,MIGRATION_REPORTING
error,tests/test_u3b2_live_db_import_preview_validate.py::TestPreviewLiveDB::test_preview_response_sample_rows_only_5,tests/test_u3b2_live_db_import_preview_validate.py,MIGRATION_REPORTING
error,tests/test_u3b2_live_db_import_preview_validate.py::TestValidateLiveDB::test_validate_updates_import_run_status,tests/test_u3b2_live_db_import_preview_validate.py,MIGRATION_REPORTING
error,tests/test_u3b2_live_db_import_preview_validate.py::TestValidateLiveDB::test_validate_6_row_csv_catches_row_6_error,tests/test_u3b2_live_db_import_preview_validate.py,MIGRATION_REPORTING
error,tests/test_u3b2_live_db_import_preview_validate.py::TestValidateLiveDB::test_validate_duplicate_sku_detected_live,tests/test_u3b2_live_db_import_preview_validate.py,MIGRATION_REPORTING
error,tests/test_u3b2_live_db_import_preview_validate.py::TestNoSkuWrites::test_preview_does_not_write_skus,tests/test_u3b2_live_db_import_preview_validate.py,MIGRATION_REPORTING
error,tests/test_u3b2_live_db_import_preview_validate.py::TestNoSkuWrites::test_validate_does_not_write_skus,tests/test_u3b2_live_db_import_preview_validate.py,MIGRATION_REPORTING
error,tests/test_u3b2_live_db_import_preview_validate.py::TestNoSkuWrites::test_inventory_and_pricing_unchanged,tests/test_u3b2_live_db_import_preview_validate.py,MIGRATION_REPORTING
error,tests/test_u3b2_live_db_import_preview_validate.py::TestFullRoundtrip::test_complete_import_pipeline,tests/test_u3b2_live_db_import_preview_validate.py,MIGRATION_REPORTING
error,tests/test_u3c_live_db_apply.py::TestApplySuccess::test_apply_creates_skus_in_db,tests/test_u3c_live_db_apply.py,MIGRATION_REPORTING
error,tests/test_u3c_live_db_apply.py::TestApplySuccess::test_apply_single_sku,tests/test_u3c_live_db_apply.py,MIGRATION_REPORTING
error,tests/test_u3c_live_db_apply.py::TestSkipDuplicate::test_skip_existing_sku_code,tests/test_u3c_live_db_apply.py,MIGRATION_REPORTING
error,tests/test_u3c_live_db_apply.py::TestFailDuplicate::test_fail_on_existing_sku_rolls_back,tests/test_u3c_live_db_apply.py,MIGRATION_REPORTING
error,tests/test_u3c_live_db_apply.py::TestSecondApplyRejected::test_second_apply_returns_409,tests/test_u3c_live_db_apply.py,MIGRATION_REPORTING
error,tests/test_u3c_live_db_apply.py::TestNoSideEffectWrites::test_apply_does_not_write_inventory,tests/test_u3c_live_db_apply.py,MIGRATION_REPORTING
error,tests/test_u3c_live_db_apply.py::TestNoSideEffectWrites::test_apply_does_not_write_pricing,tests/test_u3c_live_db_apply.py,MIGRATION_REPORTING
error,tests/test_u3c_live_db_apply.py::TestNoSideEffectWrites::test_apply_no_cross_table_contamination,tests/test_u3c_live_db_apply.py,MIGRATION_REPORTING
error,tests/test_u4c_intake_api_contract.py::test_unauthenticated_request_to_workspaces_is_rejected,tests/test_u4c_intake_api_contract.py,MIGRATION_REPORTING
error,tests/test_u4c_intake_api_contract.py::test_authenticated_user_without_intake_create_cannot_post,tests/test_u4c_intake_api_contract.py,MIGRATION_REPORTING
error,tests/test_u4c_intake_api_contract.py::test_authenticated_user_without_intake_read_cannot_list_or_detail,tests/test_u4c_intake_api_contract.py,MIGRATION_REPORTING
error,tests/test_u4c_intake_api_contract.py::test_contextual_tenant_user_with_intake_create_can_create_workspace,tests/test_u4c_intake_api_contract.py,MIGRATION_REPORTING
error,tests/test_u4c_intake_api_contract.py::test_contextual_tenant_user_with_intake_read_can_list_and_detail_created_workspace,tests/test_u4c_intake_api_contract.py,MIGRATION_REPORTING
error,tests/test_u4c_intake_api_contract.py::test_failed_create_after_flush_rolls_back_without_partial_workspace,tests/test_u4c_intake_api_contract.py,MIGRATION_REPORTING
error,tests/test_u4c_intake_api_contract.py::test_detail_endpoint_does_not_return_another_tenant_workspace,tests/test_u4c_intake_api_contract.py,MIGRATION_REPORTING
error,tests/test_u4c_intake_backend_schema.py::test_024_migration_creates_exact_four_intake_tables,tests/test_u4c_intake_backend_schema.py,MIGRATION_REPORTING
error,tests/test_u4c_intake_backend_schema.py::test_024_migration_tables_include_tenant_and_audit_columns,tests/test_u4c_intake_backend_schema.py,MIGRATION_REPORTING
error,tests/test_u4c_intake_backend_schema.py::test_024_migration_does_not_create_public_intake_tables,tests/test_u4c_intake_backend_schema.py,MIGRATION_REPORTING
error,tests/test_u4c_intake_backend_schema.py::test_bootstrap_reconciles_missing_intake_tables_and_indexes,tests/test_u4c_intake_backend_schema.py,MIGRATION_REPORTING
error,tests/test_u4d_intake_parser_preview.py::test_upload_mapping_validation_rows_and_issues_are_staging_only,tests/test_u4d_intake_parser_preview.py,MIGRATION_REPORTING
error,tests/test_u4d_intake_parser_preview.py::test_upload_requires_create_or_update_permission,tests/test_u4d_intake_parser_preview.py,MIGRATION_REPORTING
error,tests/test_u4ib1_intake_apply_audit_schema.py::test_025_migration_adds_apply_audit_columns_defaults_indexes_and_constraints,tests/test_u4ib1_intake_apply_audit_schema.py,MIGRATION_REPORTING
error,tests/test_u4ib1_intake_apply_audit_schema.py::test_bootstrap_fresh_tenant_has_apply_audit_columns,tests/test_u4ib1_intake_apply_audit_schema.py,MIGRATION_REPORTING
error,tests/test_u4ib1_intake_apply_audit_schema.py::test_bootstrap_reconciles_existing_tenant_missing_apply_audit_columns,tests/test_u4ib1_intake_apply_audit_schema.py,MIGRATION_REPORTING
error,tests/test_u4ib2_intake_apply_service.py::test_apply_requires_intake_update,tests/test_u4ib2_intake_apply_service.py,MIGRATION_REPORTING
error,tests/test_u4ib2_intake_apply_service.py::test_apply_requires_skus_import,tests/test_u4ib2_intake_apply_service.py,MIGRATION_REPORTING
error,tests/test_u4ib2_intake_apply_service.py::test_successful_apply_creates_skus_and_updates_audit,tests/test_u4ib2_intake_apply_service.py,MIGRATION_REPORTING
error,tests/test_u4ib2_intake_apply_service.py::test_duplicate_staged_sku_code_fails_before_any_sku_write,tests/test_u4ib2_intake_apply_service.py,MIGRATION_REPORTING
error,tests/test_u4ib2_intake_apply_service.py::test_existing_official_sku_code_fails_before_any_sku_write,tests/test_u4ib2_intake_apply_service.py,MIGRATION_REPORTING
error,tests/test_u4ib2_intake_apply_service.py::test_blocking_validation_issue_fails_apply,tests/test_u4ib2_intake_apply_service.py,MIGRATION_REPORTING
error,tests/test_u4ib2_intake_apply_service.py::test_workspace_not_ready_for_export_fails_apply,tests/test_u4ib2_intake_apply_service.py,MIGRATION_REPORTING
error,tests/test_u4ib2_intake_apply_service.py::test_non_not_applied_status_fails_without_writes_or_audit_changes[applying],tests/test_u4ib2_intake_apply_service.py,MIGRATION_REPORTING
error,tests/test_u4ib2_intake_apply_service.py::test_non_not_applied_status_fails_without_writes_or_audit_changes[failed],tests/test_u4ib2_intake_apply_service.py,MIGRATION_REPORTING
error,tests/test_u4ib2_intake_apply_service.py::test_repeated_apply_returns_already_applied_without_duplicate_skus,tests/test_u4ib2_intake_apply_service.py,MIGRATION_REPORTING
error,tests/test_u4ib2_intake_apply_service.py::test_mid_apply_failure_rolls_back_sku_writes_and_audit,tests/test_u4ib2_intake_apply_service.py,MIGRATION_REPORTING
error,tests/test_u4ib2_intake_apply_service.py::test_cannot_apply_another_tenant_workspace,tests/test_u4ib2_intake_apply_service.py,MIGRATION_REPORTING
error,tests/test_u4ib2_intake_apply_service.py::test_missing_required_row_fields_fails_before_any_sku_write,tests/test_u4ib2_intake_apply_service.py,MIGRATION_REPORTING
error,tests/test_u6c_signup_email_verification_skeleton.py::test_signup_creates_pending_registration_and_one_active_verification_token,tests/test_u6c_signup_email_verification_skeleton.py,AUTH_ONBOARDING
failed,tests/test_u6c_signup_email_verification_skeleton.py::test_signup_stores_only_token_hash_and_dev_sink_captures_delivery,tests/test_u6c_signup_email_verification_skeleton.py,AUTH_ONBOARDING
error,tests/test_u6c_signup_email_verification_skeleton.py::test_duplicate_same_normalized_email_returns_neutral_success_without_duplicate_live_registration,tests/test_u6c_signup_email_verification_skeleton.py,AUTH_ONBOARDING
error,tests/test_u6c_signup_email_verification_skeleton.py::test_same_idempotency_key_and_fingerprint_is_safe,tests/test_u6c_signup_email_verification_skeleton.py,AUTH_ONBOARDING
error,tests/test_u6c_signup_email_verification_skeleton.py::test_idempotent_retry_does_not_expose_changed_internal_status,tests/test_u6c_signup_email_verification_skeleton.py,AUTH_ONBOARDING
failed,tests/test_u6c_signup_email_verification_skeleton.py::test_production_signup_fails_closed_without_email_provider_and_writes_no_rows,tests/test_u6c_signup_email_verification_skeleton.py,AUTH_ONBOARDING
failed,tests/test_u6c_signup_email_verification_skeleton.py::test_signup_endpoint_returns_503_when_email_delivery_is_unavailable,tests/test_u6c_signup_email_verification_skeleton.py,AUTH_ONBOARDING
failed,tests/test_u6c_signup_email_verification_skeleton.py::test_invalid_email_or_password_returns_validation_error_without_db_writes,tests/test_u6c_signup_email_verification_skeleton.py,AUTH_ONBOARDING
failed,tests/test_u6c_signup_email_verification_skeleton.py::test_signup_does_not_create_tenant_schema_users_roles_or_rbac,tests/test_u6c_signup_email_verification_skeleton.py,AUTH_ONBOARDING
failed,tests/test_u6c_signup_email_verification_skeleton.py::test_signup_response_has_no_raw_token_and_no_query_string_status_contract,tests/test_u6c_signup_email_verification_skeleton.py,AUTH_ONBOARDING
failed,tests/test_u6d_verify_email_endpoint.py::test_valid_token_verifies_registration_and_marks_token_used,tests/test_u6d_verify_email_endpoint.py,AUTH_ONBOARDING
failed,tests/test_u6d_verify_email_endpoint.py::test_invalid_token_returns_neutral_failure_and_writes_nothing,tests/test_u6d_verify_email_endpoint.py,AUTH_ONBOARDING
failed,tests/test_u6d_verify_email_endpoint.py::test_missing_or_query_string_token_returns_neutral_failure_and_writes_nothing,tests/test_u6d_verify_email_endpoint.py,AUTH_ONBOARDING
failed,tests/test_u6d_verify_email_endpoint.py::test_expired_token_returns_neutral_failure_and_writes_nothing,tests/test_u6d_verify_email_endpoint.py,AUTH_ONBOARDING
failed,tests/test_u6d_verify_email_endpoint.py::test_reused_token_cannot_verify_twice,tests/test_u6d_verify_email_endpoint.py,AUTH_ONBOARDING
failed,tests/test_u6d_verify_email_endpoint.py::test_token_for_non_pending_registration_does_not_regress_state,tests/test_u6d_verify_email_endpoint.py,AUTH_ONBOARDING
failed,tests/test_u6d_verify_email_endpoint.py::test_verify_email_provisions_tenant_schema_without_admin_rbac_side_effects,tests/test_u6d_verify_email_endpoint.py,AUTH_ONBOARDING
failed,tests/test_u6e0_onboarding_status_token_schema.py::test_no_onboarding_status_endpoint_or_runtime_route_added,tests/test_u6e0_onboarding_status_token_schema.py,AUTH_ONBOARDING
failed,tests/test_u6e_onboarding_status_endpoint.py::test_signup_creates_one_active_status_token_hash_for_new_registration,tests/test_u6e_onboarding_status_endpoint.py,AUTH_ONBOARDING
error,tests/test_u6e_onboarding_status_endpoint.py::test_duplicate_live_email_neutral_signup_creates_no_new_status_token,tests/test_u6e_onboarding_status_endpoint.py,AUTH_ONBOARDING
error,tests/test_u6e_onboarding_status_endpoint.py::test_idempotent_signup_retry_creates_no_duplicate_active_status_token,tests/test_u6e_onboarding_status_endpoint.py,AUTH_ONBOARDING
failed,tests/test_u6e_onboarding_status_endpoint.py::test_valid_body_status_token_returns_pending_email_verification,tests/test_u6e_onboarding_status_endpoint.py,AUTH_ONBOARDING
failed,tests/test_u6e_onboarding_status_endpoint.py::test_after_verify_email_valid_status_token_returns_active,tests/test_u6e_onboarding_status_endpoint.py,AUTH_ONBOARDING
failed,tests/test_u6e_onboarding_status_endpoint.py::test_invalid_status_token_returns_neutral_failure_and_writes_nothing,tests/test_u6e_onboarding_status_endpoint.py,AUTH_ONBOARDING
failed,tests/test_u6e_onboarding_status_endpoint.py::test_missing_status_token_returns_neutral_failure,tests/test_u6e_onboarding_status_endpoint.py,AUTH_ONBOARDING
failed,tests/test_u6e_onboarding_status_endpoint.py::test_query_string_status_token_alone_fails_neutrally,tests/test_u6e_onboarding_status_endpoint.py,AUTH_ONBOARDING
failed,tests/test_u6e_onboarding_status_endpoint.py::test_body_header_status_token_mismatch_fails_neutrally,tests/test_u6e_onboarding_status_endpoint.py,AUTH_ONBOARDING
failed,tests/test_u6e_onboarding_status_endpoint.py::test_expired_or_revoked_status_token_fails_neutrally,tests/test_u6e_onboarding_status_endpoint.py,AUTH_ONBOARDING
failed,tests/test_u6e_onboarding_status_endpoint.py::test_status_response_never_exposes_sensitive_internal_details,tests/test_u6e_onboarding_status_endpoint.py,AUTH_ONBOARDING
failed,tests/test_u6e_onboarding_status_endpoint.py::test_onboarding_status_has_no_tenant_schema_users_roles_or_rbac_side_effects,tests/test_u6e_onboarding_status_endpoint.py,AUTH_ONBOARDING
failed,tests/test_u6f_onboarding_auth_chain_closeout.py::test_end_to_end_signup_verify_status_happy_path_is_neutral_and_provisions_without_admin,tests/test_u6f_onboarding_auth_chain_closeout.py,AUTH_ONBOARDING
error,tests/test_u6f_onboarding_auth_chain_closeout.py::test_duplicate_email_neutrality_creates_no_second_live_registration_or_status_token,tests/test_u6f_onboarding_auth_chain_closeout.py,AUTH_ONBOARDING
error,tests/test_u6f_onboarding_auth_chain_closeout.py::test_idempotency_retry_and_conflict_do_not_create_duplicate_rows,tests/test_u6f_onboarding_auth_chain_closeout.py,AUTH_ONBOARDING
error,tests/test_u6f_onboarding_auth_chain_closeout.py::test_token_transport_and_invalid_missing_expired_reused_fail_neutrally,tests/test_u6f_onboarding_auth_chain_closeout.py,AUTH_ONBOARDING
failed,tests/test_u6f_onboarding_auth_chain_closeout.py::test_closeout_provisions_tenant_but_defers_admin_rbac_until_setup_credential,tests/test_u6f_onboarding_auth_chain_closeout.py,AUTH_ONBOARDING
failed,tests/test_u6f_onboarding_auth_chain_closeout.py::test_route_policy_keeps_only_expected_onboarding_auth_routes_public,tests/test_u6f_onboarding_auth_chain_closeout.py,AUTH_ONBOARDING
failed,tests/test_u6f_onboarding_auth_chain_closeout.py::test_migration_schema_sanity_for_u6f_closeout_gate,tests/test_u6f_onboarding_auth_chain_closeout.py,AUTH_ONBOARDING
failed,tests/test_u6h1_tenant_provisioning_service_skeleton.py::test_email_verified_registration_can_be_claimed_and_becomes_provisioning,tests/test_u6h1_tenant_provisioning_service_skeleton.py,AUTH_ONBOARDING
failed,tests/test_u6h1_tenant_provisioning_service_skeleton.py::test_blocked_statuses_do_not_mutate[pending_email_verification],tests/test_u6h1_tenant_provisioning_service_skeleton.py,AUTH_ONBOARDING
failed,tests/test_u6h1_tenant_provisioning_service_skeleton.py::test_blocked_statuses_do_not_mutate[expired],tests/test_u6h1_tenant_provisioning_service_skeleton.py,AUTH_ONBOARDING
failed,tests/test_u6h1_tenant_provisioning_service_skeleton.py::test_blocked_statuses_do_not_mutate[cancelled],tests/test_u6h1_tenant_provisioning_service_skeleton.py,AUTH_ONBOARDING
failed,tests/test_u6h1_tenant_provisioning_service_skeleton.py::test_blocked_statuses_do_not_mutate[failed],tests/test_u6h1_tenant_provisioning_service_skeleton.py,AUTH_ONBOARDING
failed,tests/test_u6h1_tenant_provisioning_service_skeleton.py::test_active_registration_with_assignment_returns_idempotent_existing_result,tests/test_u6h1_tenant_provisioning_service_skeleton.py,AUTH_ONBOARDING
failed,tests/test_u6h1_tenant_provisioning_service_skeleton.py::test_rollback_leaves_claimed_registration_state_unchanged,tests/test_u6h1_tenant_provisioning_service_skeleton.py,AUTH_ONBOARDING
failed,tests/test_u6h1_tenant_provisioning_service_skeleton.py::test_public_auth_routes_do_not_call_tenant_provisioning,tests/test_u6h1_tenant_provisioning_service_skeleton.py,AUTH_ONBOARDING
failed,tests/test_u6h1_tenant_provisioning_service_skeleton.py::test_claim_has_no_schema_user_role_rbac_or_wholesaler_side_effects,tests/test_u6h1_tenant_provisioning_service_skeleton.py,AUTH_ONBOARDING
failed,tests/test_u6h2_tenant_provisioning_wholesaler_schema.py::test_provisioning_registration_creates_one_wholesaler_and_bootstrapped_schema,tests/test_u6h2_tenant_provisioning_wholesaler_schema.py,AUTH_ONBOARDING
failed,tests/test_u6h2_tenant_provisioning_wholesaler_schema.py::test_active_existing_registration_returns_idempotent_result,tests/test_u6h2_tenant_provisioning_wholesaler_schema.py,AUTH_ONBOARDING
failed,tests/test_u6h2_tenant_provisioning_wholesaler_schema.py::test_duplicate_retry_creates_no_duplicate_wholesaler_or_schema_corruption,tests/test_u6h2_tenant_provisioning_wholesaler_schema.py,AUTH_ONBOARDING
failed,tests/test_u6h2_tenant_provisioning_wholesaler_schema.py::test_non_provisioning_statuses_are_blocked_without_mutation[pending_email_verification],tests/test_u6h2_tenant_provisioning_wholesaler_schema.py,AUTH_ONBOARDING
failed,tests/test_u6h2_tenant_provisioning_wholesaler_schema.py::test_non_provisioning_statuses_are_blocked_without_mutation[email_verified],tests/test_u6h2_tenant_provisioning_wholesaler_schema.py,AUTH_ONBOARDING
failed,tests/test_u6h2_tenant_provisioning_wholesaler_schema.py::test_non_provisioning_statuses_are_blocked_without_mutation[cancelled],tests/test_u6h2_tenant_provisioning_wholesaler_schema.py,AUTH_ONBOARDING
failed,tests/test_u6h2_tenant_provisioning_wholesaler_schema.py::test_non_provisioning_statuses_are_blocked_without_mutation[expired],tests/test_u6h2_tenant_provisioning_wholesaler_schema.py,AUTH_ONBOARDING
failed,tests/test_u6h2_tenant_provisioning_wholesaler_schema.py::test_non_provisioning_statuses_are_blocked_without_mutation[failed],tests/test_u6h2_tenant_provisioning_wholesaler_schema.py,AUTH_ONBOARDING
failed,tests/test_u6h2_tenant_provisioning_wholesaler_schema.py::test_bootstrap_failure_does_not_mark_active_or_completed,tests/test_u6h2_tenant_provisioning_wholesaler_schema.py,AUTH_ONBOARDING
failed,tests/test_u6h2_tenant_provisioning_wholesaler_schema.py::test_bootstrap_failure_message_does_not_persist_dsn_or_fake_password,tests/test_u6h2_tenant_provisioning_wholesaler_schema.py,AUTH_ONBOARDING
failed,tests/test_u6h2_tenant_provisioning_wholesaler_schema.py::test_no_user_role_rbac_or_admin_rows_are_seeded_by_slice,tests/test_u6h2_tenant_provisioning_wholesaler_schema.py,AUTH_ONBOARDING
failed,tests/test_u6h2_tenant_provisioning_wholesaler_schema.py::test_public_auth_routes_still_do_not_call_tenant_provisioning_service,tests/test_u6h2_tenant_provisioning_wholesaler_schema.py,AUTH_ONBOARDING
failed,tests/test_u6h2_tenant_provisioning_wholesaler_schema.py::test_active_existing_with_missing_schema_is_not_treated_as_idempotent,tests/test_u6h2_tenant_provisioning_wholesaler_schema.py,AUTH_ONBOARDING
failed,tests/test_u6h3_tenant_provisioning_reconcile_cleanup.py::test_first_attempt_partial_schema_failure_persists_retry_anchor_and_reconciles,tests/test_u6h3_tenant_provisioning_reconcile_cleanup.py,AUTH_ONBOARDING
failed,tests/test_u6h3_tenant_provisioning_reconcile_cleanup.py::test_partial_schema_after_failure_reconciles_to_active_without_duplicate_wholesaler,tests/test_u6h3_tenant_provisioning_reconcile_cleanup.py,AUTH_ONBOARDING
failed,tests/test_u6h3_tenant_provisioning_reconcile_cleanup.py::test_complete_schema_for_provisioning_registration_completes_without_bootstrap_rerun,tests/test_u6h3_tenant_provisioning_reconcile_cleanup.py,AUTH_ONBOARDING
failed,tests/test_u6h3_tenant_provisioning_reconcile_cleanup.py::test_partial_schema_bootstrap_rerun_failure_stays_not_active_and_sanitized,tests/test_u6h3_tenant_provisioning_reconcile_cleanup.py,AUTH_ONBOARDING
failed,tests/test_u6h3_tenant_provisioning_reconcile_cleanup.py::test_active_existing_remains_idempotent_after_reconcile,tests/test_u6h3_tenant_provisioning_reconcile_cleanup.py,AUTH_ONBOARDING
failed,tests/test_u6h3_tenant_provisioning_reconcile_cleanup.py::test_reconcile_seeds_no_user_role_rbac_or_admin_rows,tests/test_u6h3_tenant_provisioning_reconcile_cleanup.py,AUTH_ONBOARDING
failed,tests/test_u6h3_tenant_provisioning_reconcile_cleanup.py::test_public_auth_routes_do_not_call_tenant_provisioning_service,tests/test_u6h3_tenant_provisioning_reconcile_cleanup.py,AUTH_ONBOARDING
failed,tests/test_u6i0_owner_credential_setup_contract.py::test_contract_locks_public_endpoint_disclosure_boundary,tests/test_u6i0_owner_credential_setup_contract.py,AUTH_ONBOARDING
failed,tests/test_u6i0_owner_credential_setup_contract.py::test_branch_changes_only_contract_doc_and_static_test,tests/test_u6i0_owner_credential_setup_contract.py,AUTH_ONBOARDING
failed,tests/test_u6i0_owner_credential_setup_contract.py::test_no_runtime_code_files_changed_in_contract_branch,tests/test_u6i0_owner_credential_setup_contract.py,AUTH_ONBOARDING
failed,tests/test_u6i1_owner_credential_setup_schema.py::test_alembic_head_is_owner_credential_setup_tokens,tests/test_u6i1_owner_credential_setup_schema.py,AUTH_ONBOARDING
failed,tests/test_u6i1_owner_credential_setup_schema.py::test_branch_changes_only_allowed_schema_foundation_files,tests/test_u6i1_owner_credential_setup_schema.py,AUTH_ONBOARDING
failed,tests/test_u6i2_owner_credential_setup_token_issue.py::test_active_provisioned_registration_issues_hash_only_setup_token,tests/test_u6i2_owner_credential_setup_token_issue.py,AUTH_ONBOARDING
failed,tests/test_u6i2_owner_credential_setup_token_issue.py::test_duplicate_issue_returns_existing_without_creating_second_active_token,tests/test_u6i2_owner_credential_setup_token_issue.py,AUTH_ONBOARDING
failed,tests/test_u6i2_owner_credential_setup_token_issue.py::test_expired_prior_token_allows_new_setup_token_issue,tests/test_u6i2_owner_credential_setup_token_issue.py,AUTH_ONBOARDING
failed,tests/test_u6i2_owner_credential_setup_token_issue.py::test_used_or_revoked_prior_token_allows_new_setup_token_issue[used_at0-None],tests/test_u6i2_owner_credential_setup_token_issue.py,AUTH_ONBOARDING
failed,tests/test_u6i2_owner_credential_setup_token_issue.py::test_used_or_revoked_prior_token_allows_new_setup_token_issue[None-revoked_at1],tests/test_u6i2_owner_credential_setup_token_issue.py,AUTH_ONBOARDING
failed,tests/test_u6i2_owner_credential_setup_token_issue.py::test_blocked_statuses_create_no_setup_token_rows[email_verified],tests/test_u6i2_owner_credential_setup_token_issue.py,AUTH_ONBOARDING
failed,tests/test_u6i2_owner_credential_setup_token_issue.py::test_blocked_statuses_create_no_setup_token_rows[provisioning],tests/test_u6i2_owner_credential_setup_token_issue.py,AUTH_ONBOARDING
failed,tests/test_u6i2_owner_credential_setup_token_issue.py::test_blocked_statuses_create_no_setup_token_rows[failed],tests/test_u6i2_owner_credential_setup_token_issue.py,AUTH_ONBOARDING
failed,tests/test_u6i2_owner_credential_setup_token_issue.py::test_blocked_statuses_create_no_setup_token_rows[cancelled],tests/test_u6i2_owner_credential_setup_token_issue.py,AUTH_ONBOARDING
failed,tests/test_u6i2_owner_credential_setup_token_issue.py::test_active_registration_missing_provisioning_assignment_is_blocked[False-True-True],tests/test_u6i2_owner_credential_setup_token_issue.py,AUTH_ONBOARDING
failed,tests/test_u6i2_owner_credential_setup_token_issue.py::test_active_registration_missing_provisioning_assignment_is_blocked[True-False-True],tests/test_u6i2_owner_credential_setup_token_issue.py,AUTH_ONBOARDING
failed,tests/test_u6i2_owner_credential_setup_token_issue.py::test_active_registration_missing_provisioning_assignment_is_blocked[True-True-False],tests/test_u6i2_owner_credential_setup_token_issue.py,AUTH_ONBOARDING
failed,tests/test_u6i2_owner_credential_setup_token_issue.py::test_issue_service_creates_no_admin_rbac_or_business_data,tests/test_u6i2_owner_credential_setup_token_issue.py,AUTH_ONBOARDING
failed,tests/test_u6i2_owner_credential_setup_token_issue.py::test_no_public_endpoint_or_query_string_token_support,tests/test_u6i2_owner_credential_setup_token_issue.py,AUTH_ONBOARDING
failed,tests/test_u6i3_owner_credential_setup_consume.py::test_consume_valid_owner_setup_token_returns_admin_creation_inputs_without_persisting_password,tests/test_u6i3_owner_credential_setup_consume.py,AUTH_ONBOARDING
failed,tests/test_u6i3_owner_credential_setup_consume.py::test_invalid_or_missing_raw_token_fails_neutrally[None],tests/test_u6i3_owner_credential_setup_consume.py,AUTH_ONBOARDING
failed,tests/test_u6i3_owner_credential_setup_consume.py::test_invalid_or_missing_raw_token_fails_neutrally[],tests/test_u6i3_owner_credential_setup_consume.py,AUTH_ONBOARDING
failed,tests/test_u6i3_owner_credential_setup_consume.py::test_invalid_or_missing_raw_token_fails_neutrally[   ],tests/test_u6i3_owner_credential_setup_consume.py,AUTH_ONBOARDING
error,tests/test_u6i3_owner_credential_setup_consume.py::test_invalid_or_missing_raw_token_fails_neutrally[u6i3-missing-not-persisted],tests/test_u6i3_owner_credential_setup_consume.py,AUTH_ONBOARDING
error,tests/test_u6i3_owner_credential_setup_consume.py::test_non_actionable_token_states_fail_neutrally[expired],tests/test_u6i3_owner_credential_setup_consume.py,AUTH_ONBOARDING
error,tests/test_u6i3_owner_credential_setup_consume.py::test_non_actionable_token_states_fail_neutrally[revoked],tests/test_u6i3_owner_credential_setup_consume.py,AUTH_ONBOARDING
error,tests/test_u6i3_owner_credential_setup_consume.py::test_non_actionable_token_states_fail_neutrally[used],tests/test_u6i3_owner_credential_setup_consume.py,AUTH_ONBOARDING
error,tests/test_u6i3_owner_credential_setup_consume.py::test_non_actionable_token_states_fail_neutrally[deleted],tests/test_u6i3_owner_credential_setup_consume.py,AUTH_ONBOARDING
error,tests/test_u6i3_owner_credential_setup_consume.py::test_wrong_purpose_token_fails_neutrally,tests/test_u6i3_owner_credential_setup_consume.py,AUTH_ONBOARDING
error,tests/test_u6i3_owner_credential_setup_consume.py::test_consuming_used_token_twice_fails_neutrally_after_first_success,tests/test_u6i3_owner_credential_setup_consume.py,AUTH_ONBOARDING
error,tests/test_u6i3_owner_credential_setup_consume.py::test_consume_service_has_no_endpoint_query_string_or_admin_creation_boundary,tests/test_u6i3_owner_credential_setup_consume.py,AUTH_ONBOARDING
error,tests/test_u6i4_first_admin_rbac_creation.py::test_create_first_admin_user_role_permissions_and_mappings,tests/test_u6i4_first_admin_rbac_creation.py,AUTH_ONBOARDING
error,tests/test_u6i4_first_admin_rbac_creation.py::test_first_admin_creation_is_idempotent_without_duplicate_rbac,tests/test_u6i4_first_admin_rbac_creation.py,AUTH_ONBOARDING
error,tests/test_u6i4_first_admin_rbac_creation.py::test_reconciles_existing_owner_user_with_provided_hash_and_missing_rbac,tests/test_u6i4_first_admin_rbac_creation.py,AUTH_ONBOARDING
error,tests/test_u6i4_first_admin_rbac_creation.py::test_cross_tenant_isolation_only_writes_requested_schema,tests/test_u6i4_first_admin_rbac_creation.py,AUTH_ONBOARDING
failed,tests/test_u6i4_first_admin_rbac_creation.py::test_fail_closed_for_missing_absent_invalid_schema_or_missing_hash[setup1],tests/test_u6i4_first_admin_rbac_creation.py,AUTH_ONBOARDING
failed,tests/test_u6i4_first_admin_rbac_creation.py::test_fail_closed_for_missing_absent_invalid_schema_or_missing_hash[setup3],tests/test_u6i4_first_admin_rbac_creation.py,AUTH_ONBOARDING
error,tests/test_u6i5_owner_credential_setup_endpoint.py::test_setup_credential_succeeds_for_valid_token_and_password,tests/test_u6i5_owner_credential_setup_endpoint.py,AUTH_ONBOARDING
error,tests/test_u6i5_owner_credential_setup_endpoint.py::test_get_setup_credential_rejected,tests/test_u6i5_owner_credential_setup_endpoint.py,AUTH_ONBOARDING
error,tests/test_u6i5_owner_credential_setup_endpoint.py::test_invalid_or_missing_token_returns_neutral_error,tests/test_u6i5_owner_credential_setup_endpoint.py,AUTH_ONBOARDING
error,tests/test_u6i5_owner_credential_setup_endpoint.py::test_expired_token_returns_neutral_error_and_no_admin_created,tests/test_u6i5_owner_credential_setup_endpoint.py,AUTH_ONBOARDING
error,tests/test_u6i5_owner_credential_setup_endpoint.py::test_used_token_returns_neutral_error,tests/test_u6i5_owner_credential_setup_endpoint.py,AUTH_ONBOARDING
error,tests/test_u6i5_owner_credential_setup_endpoint.py::test_duplicate_setup_is_idempotent,tests/test_u6i5_owner_credential_setup_endpoint.py,AUTH_ONBOARDING
error,tests/test_u6i5_owner_credential_setup_endpoint.py::test_replay_with_different_password_does_not_change_password_hash,tests/test_u6i5_owner_credential_setup_endpoint.py,AUTH_ONBOARDING
error,tests/test_u6i5_owner_credential_setup_endpoint.py::test_tenant_isolation_only_writes_requested_schema,tests/test_u6i5_owner_credential_setup_endpoint.py,AUTH_ONBOARDING
error,tests/test_u6i5_owner_credential_setup_endpoint.py::test_response_never_exposes_sensitive_data,tests/test_u6i5_owner_credential_setup_endpoint.py,AUTH_ONBOARDING
error,tests/test_u6i5_owner_credential_setup_endpoint.py::test_no_query_string_token_support,tests/test_u6i5_owner_credential_setup_endpoint.py,AUTH_ONBOARDING
error,tests/test_u6i6_onboarding_e2e_closeout.py::test_full_owner_onboarding_backend_chain_proves_hash_only_tokens_and_admin_rbac,tests/test_u6i6_onboarding_e2e_closeout.py,AUTH_ONBOARDING
error,tests/test_u6k_production_smtp_email_delivery.py::test_production_missing_smtp_config_returns_503_and_writes_no_rows,tests/test_u6k_production_smtp_email_delivery.py,AUTH_ONBOARDING
error,tests/test_u6k_production_smtp_email_delivery.py::test_production_smtp_success_creates_hash_only_registration_and_token,tests/test_u6k_production_smtp_email_delivery.py,AUTH_ONBOARDING
error,tests/test_u6k_production_smtp_email_delivery.py::test_production_smtp_send_failure_rolls_back_registration_and_token,tests/test_u6k_production_smtp_email_delivery.py,AUTH_ONBOARDING
error,tests/test_u6k_production_smtp_email_delivery.py::test_test_environment_still_uses_dev_sink_without_smtp,tests/test_u6k_production_smtp_email_delivery.py,AUTH_ONBOARDING
error,tests/test_u6k_production_smtp_email_delivery.py::test_duplicate_live_email_in_production_is_neutral_and_sends_no_extra_smtp,tests/test_u6k_production_smtp_email_delivery.py,AUTH_ONBOARDING
error,tests/test_u6l_email_verified_onboarding_orchestration.py::test_verify_email_provisions_tenant_issues_setup_token_and_sends_owner_email,tests/test_u6l_email_verified_onboarding_orchestration.py,AUTH_ONBOARDING
error,tests/test_u6l_email_verified_onboarding_orchestration.py::test_emailed_setup_token_can_create_first_admin_rbac_and_status_is_public_active,tests/test_u6l_email_verified_onboarding_orchestration.py,AUTH_ONBOARDING
error,tests/test_u6l_email_verified_onboarding_orchestration.py::test_repeated_internal_orchestration_does_not_duplicate_tenant_token_or_admin_rows,tests/test_u6l_email_verified_onboarding_orchestration.py,AUTH_ONBOARDING
error,tests/test_u6l_email_verified_onboarding_orchestration.py::test_reused_verification_token_remains_neutral_and_does_not_duplicate_orchestration,tests/test_u6l_email_verified_onboarding_orchestration.py,AUTH_ONBOARDING
error,tests/test_u6l_email_verified_onboarding_orchestration.py::test_production_missing_owner_setup_smtp_config_fails_closed,tests/test_u6l_email_verified_onboarding_orchestration.py,AUTH_ONBOARDING
error,tests/test_u6l_email_verified_onboarding_orchestration.py::test_production_owner_setup_smtp_failure_fails_closed_with_retry_anchor,tests/test_u6l_email_verified_onboarding_orchestration.py,AUTH_ONBOARDING
error,tests/test_u6l_email_verified_onboarding_orchestration.py::test_real_bootstrap_owner_setup_smtp_failure_persists_anchor_and_retry_reconciles,tests/test_u6l_email_verified_onboarding_orchestration.py,AUTH_ONBOARDING
