node_id,baseline_a,baseline_b,candidate_a,candidate_b,classification,root_cause,evidence,required_fix_scope
tests/test_dc12r1_s3_s2b_i1_r4_r1_real_alembic_upgrade.py::TestRealAlembicUpgradeFailClosed::test_status_or_1_equals_1_weakening_rejected,FAIL,PASS,PASS,PASS,TEST_INFRASTRUCTURE,Nondeterministic alembic upgrade assertion,Appears only in Baseline A (1 of 4 runs); passes in B and both candidate runs,Investigate flaky test ordering or timing dependency
tests/test_dc12r1_s3_s1_catalog_order_hardening.py::TestProvisioningRolePermissions::test_provisioned_tenant_role_permissions,PASS,PASS,FAIL,FAIL,BRANCH_PRODUCT_DEFECT,bootstrap_tenant_schema.py _reconcile_rbac_s1 creates admin role with full ADMIN_PERMISSION_CODES instead of 3-permission bare set,"AssertionError: admin drift --- expected {'invitations:revoke' 'payments:confirm_declaration' 'retailers:reissue_credential'} got 40+ permissions",Revert bootstrap_tenant_schema.py admin role injection
tests/test_s5a_fresh_tenant_real_user_journey_gate.py::test_s5a_fresh_tenant_real_user_journey_gate,PASS,PASS,FAIL,FAIL,BRANCH_PRODUCT_DEFECT,bootstrap creates admin role; test INSERT fails with UniqueViolationError on roles_name_key,"sqlalchemy.exc.IntegrityError: duplicate key value violates unique constraint roles_name_key; Key (name)=(admin) already exists",Revert bootstrap_tenant_schema.py admin role injection
tests/test_u6d_verify_email_endpoint.py::test_verify_email_provisions_tenant_schema_without_admin_rbac_side_effects,PASS,PASS,FAIL,FAIL,BRANCH_PRODUCT_DEFECT,Test asserts no admin RBAC side effects after provisioning; bootstrap now creates admin role,Test name explicitly states without_admin_rbac_side_effects; fails because admin role now exists,Revert bootstrap_tenant_schema.py admin role injection
tests/test_u6f_onboarding_auth_chain_closeout.py::test_end_to_end_signup_verify_status_happy_path_is_neutral_and_provisions_without_admin,PASS,PASS,FAIL,FAIL,BRANCH_PRODUCT_DEFECT,Test asserts provisioning completes without admin; bootstrap now creates admin role,Test name explicitly states provisions_without_admin,Revert bootstrap_tenant_schema.py admin role injection
tests/test_u6f_onboarding_auth_chain_closeout.py::test_closeout_provisions_tenant_but_defers_admin_rbac_until_setup_credential,PASS,PASS,FAIL,FAIL,BRANCH_PRODUCT_DEFECT,Test asserts admin RBAC deferred to setup credential; bootstrap now creates admin role prematurely,Test name explicitly states defers_admin_rbac_until_setup_credential,Revert bootstrap_tenant_schema.py admin role injection
tests/test_u6h2_tenant_provisioning_wholesaler_schema.py::test_bootstrap_seeds_current_retailer_rbac_without_admin_grant_all,PASS,PASS,FAIL,FAIL,BRANCH_PRODUCT_DEFECT,Test asserts admin role does not exist after bootstrap; _reconcile_rbac_s1 now creates it,assert not True (on _role_exists(schema ADMIN_ROLE)),Revert bootstrap_tenant_schema.py admin role injection
tests/test_u6h3_tenant_provisioning_reconcile_cleanup.py::test_reconcile_seeds_current_retailer_rbac_without_admin_grant_all,PASS,PASS,FAIL,FAIL,BRANCH_PRODUCT_DEFECT,Test asserts admin role does not exist after reconcile; _reconcile_rbac_s1 now creates it,assert not True (on _role_exists(schema ADMIN_ROLE)),Revert bootstrap_tenant_schema.py admin role injection
tests/test_platform_p17dc_backup_migration.py::test_latest_completed_excludes_in_progress,PASS,PASS,PASS,ERROR,TEST_INFRASTRUCTURE,Nondeterministic teardown error,Appears only in Candidate B (1 of 4 runs); not present in A or baseline,Investigate flaky teardown or timing dependency
