id,phase,item,requirement,status,evidence_location,notes
1,Phase 1,git fetch --all --prune,PASS,fetched all remotes and pruned stale refs,
2,Phase 1,detached worktree at CANDIDATE,PASS,C:\Users\Jeff0\AppData\Local\Temp\kilo\dc12r1-h2-c-r1-v1-wt,HEAD detached at 8ad346e5
3,Phase 1,remote source tip == CANDIDATE,PASS,remotes/origin/zcode/dc12r1-mvp-l1-j1-h2-c-r1-retailer-recovery-discovery-2026-08-26 -> 8ad346e5,
4,Phase 1,chain b2d28f32 -> 867810af -> 446c7210 -> 8ad346e5,PASS,all ancestry checks exit 0,
5,Phase 1,exactly 12 declaration files,PASS,git diff --name-count = 12,
6,Phase 1,authService.ts unchanged,PASS,git diff shows no change,
7,Phase 1,j1h2b-forgot-reset unchanged,PASS,git diff shows no change,
8,Phase 1,migration/model/dependency/lockfile/deployment unchanged,PASS,git diff shows no change,
9,Phase 1,protected baseline ancestor of CANDIDATE,PASS,2c20d58c in history of 8ad346e5,
10,Phase 1,main drift check,NOTE,origin/main 134ea59 is separate CI/docs branch; protected baseline 2c20d58c is correct product baseline ancestor,No product-main drift relative to protected baseline within candidate ancestry
11,Phase 2.1,/retailer/forgot-password public route no auth bypass,PASS,AppRouter.tsx:81-97 under PublicRoute,
12,Phase 2.2,forgot entry only for valid portalCode with normalized w,PASS,ClientLoginPage.tsx + RetailerForgotPasswordPage.tsx trim->UPPERCASE->^[A-Z0-9]+$,
13,Phase 2.3,missing/malformed w shows neutral invalid portal + zero API calls,PASS,RetailerForgotPasswordPage.tsx:70-89 early return,
14,Phase 2.4,only retailerForgotPassword called + no raw error,PASS,RetailerForgotPasswordPage.tsx:56-64,
15,Phase 2.5,submitInFlight sync before await,PASS,RetailerForgotPasswordPage.tsx:52-53,
16,Phase 2.6,_find_verified_retailer_for_wholesaler returns DB canonical w.code,PASS,retailer_provisioning_service.py:1004-1043,
17,Phase 2.7,build_retailer_reset_link legacy shape preserved without w,PASS,onboarding_service.py:489-515 + backend test exact legacy string assert,
18,Phase 2.8,email link with w is fragment-only,PASS,onboarding_service.py:506-515,
19,Phase 2.9,reset page reads w before scrub; no token/w in storage/log,PASS,RetailerResetPasswordPage.tsx:44-54,
20,Phase 2.10,reset POST body only reset_token + new_password,PASS,RetailerResetPasswordPage.tsx:74 + backend schema,
21,Phase 2.11,success CTA only /retail/login?w=<CODE>,PASS,RetailerResetPasswordPage.tsx:99-105,
22,Phase 2.12,legacy valid token resets with neutral supplier guidance,PASS,RetailerResetPasswordPage.tsx:107-116,
23,Phase 2.13,401 stays on page neutral; no refresh/logout/navigation,PASS,api.ts:119-121 skipAuthInterceptors + PublicPasswordRecoveryInterceptor.test.tsx T1/T3,
24,Phase 2.14,public w not binding credential; tampered w cannot change account/tenant,PASS,consume_password_reset uses token_row.retailer_id only,
25,Phase 3.1,five test files are real product-code truth tests,PASS,all 5 files render real components or hit real interceptors/DB,
26,Phase 3.2,M1-M9 mutation points RED + byte-identical restore,CANDIDATE_PROVIDED_EVIDENCE,candidate ledger documents all 9 mutations RED then restored,
27,Phase 3.3,M6 scrub-then-read-live-window.location.hash real defect form,PASS,RetailerResetPasswordPage.tsx reads w before readFragmentToken scrub; HC13 catches post-scrub loss,
28,Phase 3.4,M9 same-act double-click before React disable,PASS,act(() => { button.click(); button.click(); }) + submitInFlight ref guard,
29,Phase 3.5,HC01-HC17 inventory ID/order/oracle alignment,PASS,docs/test-plans/2026-08-26_dc12r1_mvp_l1_j1_h2_c_node_inventory.csv matches test coverage,
30,Phase 3.6,HC07-HC10 canonical neutrality evidence boundary,NOT_YET_RUNTIME_PROVEN,frontend mock only + source derivation; no real HTTP four-case canonical equality test in candidate suite,
31,Phase 3.7,candidate-only evidence disclosure,COMPLIANT,M1-M9 mutations / HC07-HC10 HTTP proof / browser gate / Windows 8F/35E all labeled CANDIDATE_PROVIDED_EVIDENCE or NOT_YET_RUNTIME_PROVEN,
32,Phase 4.1,focused frontend tests natural order,PASS,4 files / 59 tests passed,
33,Phase 4.1,focused frontend tests reverse order,PASS,4 files / 59 tests passed,
34,Phase 4.2,full frontend vitest,PASS,28 files / 416 tests passed,
35,Phase 4.3,frontend build,PASS,tsc + vite build exit 0,
36,Phase 4.4,backend focused tests,HOST_LIMITATION,no psql / redis-cli / venv on Windows host; candidate's 42/42 focused and full-suite evidence recorded as CANDIDATE_PROVIDED_EVIDENCE,
37,Phase 5,git diff --check,PASS,no whitespace errors,
38,Phase 5,py_compile,PASS,3 backend files compile clean,
39,Phase 5,tsc,PASS,zero type errors,
40,Phase 5,detect-secrets,PASS,no new secrets vs baseline,
41,Phase 5,UTF-8/no-BOM,PASS,all 12 changed files,
42,Phase 5,GitNexus analyze,PASS,28898 nodes / 60313 edges / 842 clusters / 300 flows,
43,Phase 5,detached worktree clean,PASS,git status clean after restoring .secrets.baseline,
44,STOP,no STOP trigger fired,PASS,all stop conditions cleared,
